Code,Name,Latitude,Longitude
OCH,A L Mangham Jr. Regional,31.6,-94.65
AYE,AAF Heliport,19.833333,-72.5
ARA,Acadiana Regional,80.133333,32.583333
MFV,Accomack County,13.633333,39.133333
ADK,Adak Island Ns,51.878056,-176.646111
LIT,Adams Field Airport,34.729444,-92.224444
ADS,Addison Airport,32.968611,-96.836389
SLK,Adirondack,44.4,-74.2
INS,Af Aux,46.283333,22.1
HST,AFB,25.483333,-80.483333
MUO,AFB,-32.816667,27.133333
OHC,AFS,63.316667,-168.966667
PML,AFS,55.983333,-160.533333
ANW,Ainsworth,42.583333,-99.983333
HWD,Air Terminal,37.666667,-122.083333
MDD,Airpark,44.75,-79.9
VIK,Airstrip,39.733333,36.4
AKK,Akhiok SPB,56.95,-154.166667
AKI,Akiak,60.9,-161.233333
CAK,Akron/canton Regional,40.916111,-81.442222
KQA,Akutan,54.116667,-165.75
AUK,Alakanuk,62.683333,-164.633333
CVO,Albany,44.5,-123.283333
ALB,Albany International,42.733333,-73.8
CHO,Albemarle,38.133333,-78.45
OAJ,Albert J Ellis,34.716667,-77.416667
AEL,Albert Lea,43.683333,-93.366667
FEP,Albertus,42.266667,-89.583333
ABQ,Albuquerque International,35.040278,-106.609167
WKK,Aleknagik,59.266667,-158.633333
AED,Aleneva,-0.6,10.083333
ISW,Alexander Field,44.766667,-89.677778
AXN,Alexandria,45.783333,-95.266667
AXB,Alexandria Bay,44.2525,-75.901389
AEX,Alexandria International,31.3275,-92.548611
AXG,Algona,43.066667,-94.233333
ALZ,Alitak SPB,56.895833,-154.245833
AET,Allakaket,66.55,-152.65
AGC,Allegheny County,40.35,-79.933333
AOH,Allen County,40.716667,-84.033333
AIA,Alliance,42.066667,-102.8
APN,Alpena County Regional,45.083333,-83.55
ALE,Alpine,30.386111,-103.683333
ALN,Alton,38.891667,-90.172222
LTS,Altus AFB,34.65,-99.35
AQY,Alyeska,60.966667,-149.116667
ABL,Ambler,67.1,-157.816667
AHT,Amchitka,51.5,179.0
AHC,Amedee AAF,60.572222,4.951667
AMW,Ames,42.0,-93.616667
AOS,Amook,57.466667,-153.833333
OTS,Anacortes,48.5,-122.616667
AKP,Anaktuvuk,68.133333,-151.733333
AND,Anderson,34.5,-82.716667
AAP,Andrau Airpark,29.723889,-95.588333
ADR,Andrews,33.45,-79.566667
ADW,Andrews AFB,38.8,-76.916667
NSF,Andrews NAF,19.35,100.55
AXX,Angel Fire,36.416667,-105.283333
AGN,Angoon,57.5,-134.583333
ANI,Aniak,61.583333,-159.533333
AMK,Animas Airpark,14.466667,-87.85
AIB,Anita Bay,56.233333,-132.383333
ANN,Annette Island,55.033333,-131.566667
ANB,Anniston Metropolitan,33.588056,-85.858056
ANY,Anthony,37.15,-98.033333
ATE,Antlers,34.233333,-95.616667
ACB,Antrim County,44.983333,-85.202778
ANV,Anvik,62.65,-160.216667
CIB,Ap In The Sky,33.416389,-118.416389
APV,Apple Valley,34.575278,-117.186111
RKP,Aransas County,28.083333,-97.033333
MGI,Aransas National Wildlife Refuge,11.116944,124.466944
APA,Arapahoe Co,39.566667,-104.833333
ACV,Arcata,40.983333,-124.1
ARC,Arctic Village,68.116667,-145.583333
ADM,Ardmore Municipal Arpt,34.966667,-86.883333
WLD,Arkansas City,37.166667,-97.05
TUH,Arnold AFS,52.777222,-8.404167
ATS,Artesia,32.85,-104.466667
ARX,Asbury Park,40.219444,-74.09
AVL,Asheville Regional Airport,35.436111,-82.541667
ASX,Ashland,46.548611,-90.918889
ASY,Ashley,46.033333,-99.366667
JFN,Ashtabula,41.733333,-80.766667
ASE,Aspen,39.223056,-106.868889
AST,Astoria,46.166667,-123.883333
AHN,Athens,33.95,-83.333333
AKB,Atka,52.2,-174.2
NCQ,Atlanta Nas,34.351111,-84.287222
ACY,Atlantic City Intl,39.466667,-74.583333
ATT,Atmautluak,61.0,-162.75
ATK,Atqasuk,70.466667,-157.333333
OSX,Attala County,33.083333,-89.55
AUN,Auburn,38.9,-121.066667
LEW,Auburn,44.05,-70.283333
AUO,Auburn-Opelika,32.616667,-85.433333
AUG,Augusta,44.316667,-69.8
AUM,Austin,43.666667,-92.933333
ASQ,Austin,39.5,-117.066667
AUS,Austin-bergstrom International,30.194444,-97.67
GRB,Austin-straubel Field,44.483333,-88.133333
NRC,Aux Field,37.4,-121.066667
SXC,Avalo Vor/WP,-21.583333,-67.583333
AVX,Avalon Bay,33.333333,-118.35
BCJ,Baca Grande,37.966667,-105.766667
AIY,Bader Field,39.366667,-74.45
BGT,Bagdad,34.593056,-113.170278
BKE,Baker,44.833333,-117.816667
BAR,Baker Aaf,0.216667,-176.516667
MLJ,Baldwin County,33.15,-83.25
GBO,Baltimore Greenbelt T,39.186111,-76.683333
ZBP,Baltimore Rail,4.666667,-74.516667
BWI,Baltimore/Washington International Thurgood Marshall,39.175278,-76.668333
BGR,Bangor International Airport,44.8,-68.816667
BNG,Banning,33.933333,-116.866667
BHB,Bar Harbor,44.45,-68.366667
NAX,Barbers Point,18.433333,-72.383333
NHX,Barin Olf Osn,30.416667,-87.683333
BKH,Barking Sands PMRF,22.024722,-159.789444
PAH,Barkley Regional,37.060278,-88.773056
BNH,Barnes,41.766389,-72.683333
HYA,Barnstable,41.669444,-70.280278
BNL,Barnwell Regional,33.257778,-81.388333
DAG,Barstow-Daggett,34.85,-116.783333
BTI,Barter Island,70.133333,-143.633333
BVO,Bartlesville,36.766667,-96.0
BQV,Bartlett SPB,58.45,-135.883333
BSZ,Bartletts,58.266667,-157.483333
BOW,Bartow,27.933333,-81.783333
NBP,Battery Pk City/N. Cov,5.5,-70.483333
BDE,Baudette,54.383333,19.7
BBC,Bay City,28.983333,-95.966667
PFN,Bay County,30.216667,-85.683333
HPY,Baytown,29.733333,-94.966667
BCC,Bear Creek,57.6175,-155.867222
BIE,Beatrice,40.316667,-96.75
BTY,Beatty,52.9,-1.783333
BMT,Beaumont Muni,18.5,-73.95
DRI,Beauregard Parish,53.2,5.45
WBQ,Beaver,66.35,-147.4
BFP,Beaver Falls,40.766667,-80.4
JAO,Beaver Ruin,9.716667,-82.983333
BKW,Beckley,37.783333,-81.116667
BEC,Beech,37.686389,-97.221111
PSB,Bellefonte,60.933333,7.2
BLV,Belleville,44.166667,-77.383333
BLI,Bellingham,48.8,-122.533333
BLW,Bellows Field,21.35,-157.716667
BJI,Bemidji,47.516667,-94.933333
CKB,Benedum,39.3,-80.233333
BTN,Bennettsville,34.616667,-79.683333
JBK,Berkeley,37.95,-122.3
BML,Berlin Municipal Airport,44.575278,-71.175833
UDD,Bermuda Dunes,33.733333,-116.266667
BTM,Bert Mooney Airport,45.954722,-112.4975
UIZ,Berz-Macomb,37.066667,10.066667
BET,Bethel Airport,60.783333,-161.833333
BTT,Bettles,66.916667,-151.516667
BVY,Beverly Municiple Airport,42.516667,-70.833333
BHC,Bhurban Heliport,35.15,-114.566667
BYS,Bicycle Lake AAF,35.283333,-116.633333
RBF,Big Bear City Arpt,34.266667,-116.85
BIC,Big Creek,57.666667,-157.583333
BGQ,Big Lake,61.533333,-149.816667
BMX,Big Mountain,59.366667,-155.266667
BPI,Big Piney-marbleton,42.583333,-110.116667
WBR,Big Rapids,43.716667,-85.5
BIF,Biggs Aaf,31.849444,-106.38
BIL,Billings,45.8,-108.533333
KBC,Birch Creek,66.266667,-145.8
ESP,Birchwood-Pocono,41.0,-75.183333
BHM,Birmingham,33.566667,-86.75
BSQ,Bisbee Municipal Arpt,31.363889,-109.881111
DUG,Bisbee-Douglas Intl,31.466667,-109.6
BIH,Bishop,37.366667,-118.35
FNT,Bishop International Airport,42.965556,-83.743611
BIS,Bismarck,46.783333,-100.75
SPF,Black Hills,44.483333,-103.85
MBL,Blacker,44.266667,-86.25
BKT,Blackstone AAF,37.083333,-77.95
BWL,Blackwell,36.8,-97.283333
BWS,Blaine,48.966667,-122.833333
BSI,Blairsville,40.433333,-79.266667
BYW,Blakely Island,48.583333,-122.833333
BDG,Blanding,37.583333,-109.483333
BID,Block Island,41.169444,-71.583333
BMG,Bloomington,39.133333,-86.616667
CNK,Blosser Municipal,39.55,-97.65
BLU,Blue Canyon,51.181111,-3.401389
BFB,Blue Fox Bay,58.183333,-152.133333
LEX,Blue Grass,38.036389,-84.605833
LSD,Blue Grass Station Army Heliport,38.083333,-84.316667
BLH,Blythe,33.616667,-114.716667
BYH,Blytheville AFB,-13.25,130.7
IAN,Bob Barker Memorial,66.983333,-160.416667
BUR,Bob Hope,34.2,-118.35
CEW,Bob Sikes,30.783333,-86.516667
BFI,Boeing Field/King County International Airport,47.53,-122.301944
ASH,Boire Field,42.781667,-71.514722
BOI,Boise Air Terminal/Gowen Field,43.564444,-116.222778
BOF,Bolling AFB,49.0,-72.5
SYI,Bomar Field,35.566667,-86.45
BNW,Boone,42.066667,-93.883333
HRO,Boone County,36.228333,-93.109722
BGD,Borger,35.65,-101.4
RLU,Bornite Upper,67.1,-156.933333
BXS,Borrego Springs,33.25,-116.316667
JBC,Boston City Heliport,42.343889,-71.049444
BSW,Boswell Bay,60.4,-146.133333
BLD,Boulder City,8.734444,-9.798611
BYA,Boundary,64.083333,-141.116667
JNU,Boundary Bay,58.35,-134.583333
HQM,Bowerman,46.966667,-123.933333
ELN,Bowers Field,47.033333,-120.533333
BWM,Bowman,46.133333,-103.583333
LOU,Bowman Field Airport,38.227778,-85.663611
BXC,Boxborough,42.483611,-71.535278
POC,Brackett Field,34.083333,-117.783333
BFD,Bradford,41.8,-78.633333
BDL,Bradley International,41.938889,-72.683333
BSF,Bradshaw AAF,66.15,25.866667
HFD,Brainard,41.766667,-72.683333
BRD,Brainerd Lakes Regional,46.401667,-94.135556
BWC,Brawley,32.983333,-115.516667
LJN,Brazoria County,29.033333,-95.45
PWT,Bremerton,47.483333,-122.75
KTS,Brevig Mission,65.333333,-166.483333
HDE,Brewster Field,40.433333,-99.366667
BMC,Brigham City,41.533333,-112.05
BDX,Broadus,45.45,-105.416667
BBW,Broken Bow,41.4,-99.633333
WBI,Broker Inn,-30.783333,121.483333
WSH,Brookhaven,40.783333,-72.916667
BKX,Brookings,44.3,-96.816667
BOK,Brookings State,42.05,-124.283333
RBH,Brooks Lodge,58.55,-155.8
SDM,Brown Field Municipal,32.572222,-116.98
EPG,Browns,40.866667,-96.133333
BWD,Brownwood,31.8,-98.95
NEA,Brunswick Golden Isles,51.679444,-3.628056
FRN,Bryant AAF,19.833333,-72.5
BCE,Bryce,37.7,-112.15
CCR,Buchanan Fld,37.983333,-122.052778
BXK,Buckeye Municipal,33.366667,-112.583333
BKC,Buckland,65.983333,-161.166667
ZFZ,Buffalo Depew Rr,50.8,-1.683333
BFK,Buffalo Municipal Airport,36.863333,-99.618611
BUF,Buffalo Niagara International,42.940556,-78.732222
BFG,Bullfrog Basin,37.55,-110.708333
BKL,Burke Lakefront,41.511111,-81.688889
BRL,Burlington,40.783333,-91.116667
BBF,Burlington,42.5,-71.183333
LLY,Burlington County,39.983333,-74.783333
BTV,Burlington International,44.471944,-73.153333
BNO,Burns,43.583333,-118.95
ZSH,Bus Station,1.366667,-77.033333
ZTL,Bus Station,42.095278,8.709722
AGS,Bush Field,33.366667,-81.966667
BUM,Butler,38.25,-94.316667
BTP,Butler County - Kenny Scholter Field,40.793611,-79.949722
FCS,Butts AAF,19.45,-71.7
BZS,Buzzards Pt S,49.0,-72.5
CBZ,Cabin Creek,55.383333,-132.416667
CCB,Cable Airport,34.111667,-117.6875
JUP,Cable Heliport,-32.266667,27.183333
LGU,Cache,41.783333,-111.85
CAD,Cadillac,44.275833,-85.422222
OZR,Cairns AAF,53.116667,22.45
CIR,Cairo,4.666667,-76.016667
CDW,Caldwell Wright,40.875278,-74.281389
CLR,Calipatria,33.133333,-115.516667
CWG,Callaway Gardens,32.833333,-84.883333
LGC,Calloway,33.016667,-85.083333
CEY,Calloway County,36.666667,-88.366667
JST,Cambria County,40.316667,-78.833333
CGE,Cambridge,38.55,-76.033333
APH,Camp A P Hill,38.05,-77.35
HOP,Campbell AAF,50.516667,23.666667
GCC,Campbell County,44.35,-105.533333
CZZ,Campo,18.45,-72.1
CDL,Candle,65.9,-161.916667
CVS,Cannon AFB,19.15,-72.55
CNE,Canon City,38.416667,-105.1
CTK,Canton,43.3,-96.583333
CNY,Canyonlands Field,38.766667,-109.75
CGI,Cape Girardeau,37.216667,-89.566667
LUR,Cape Lisburne,68.866667,-166.1
WWD,Cape May County,39.0,-74.916667
EHM,Cape Newenham,58.633333,-162.066667
CZP,Cape Pole,55.966667,-133.783333
CZF,Cape Romanzof,61.733333,-166.0
SPI,Capital,39.85,-89.683333
FFT,Capital City,38.198611,-84.906111
HAR,Capital City,40.215833,-76.851944
LAN,Capital City,42.783333,-84.583333
PUC,Carbon County,39.602778,-110.75
SYN,Carleton,44.468056,-93.0
CNM,Carlsbad,32.333333,-104.266667
CZT,Carrizo Springs,28.516667,-99.866667
CIN,Carroll,42.05,-94.783333
CSN,Carson City,39.2,-119.733333
CZK,Cascade Locks/Stevens,45.666667,-121.9
ATU,Casco Cove,52.833333,173.183333
PVZ,Casement,41.733333,-81.216667
MER,Castle AFB,37.380556,-120.568056
SPQ,Catalina SPB,33.75,-118.366667
VQQ,Cecil Field,30.218611,-81.876667
CDC,Cedar City,37.7,-113.1
CID,Cedar Rapids,41.884722,-91.710833
JOC,Centerport Heliport,1.083333,-77.55
CEM,Central,65.566667,-144.783333
BMI,Central Illinois Regional Airport at Bloomington-Normal,40.477222,-88.915833
JVI,Central Jersey Regional Airport,40.524444,-74.598333
OWK,Central Maine Airport of Norridgewock,44.716667,-69.8
CWA,Central Wisconsin,44.769444,-89.683056
CLS,Centralia,46.683333,-122.983333
CEA,Cessna Aircraft Field,15.658889,101.1125
CDR,Chadron,42.833333,-103.083333
CCA,Chaffee AFB,19.833333,-72.5
CIK,Chalkyitsik,66.65,-143.75
CHL,Challis,44.5,-114.233333
YKN,Chan Gurney,42.916667,-97.383333
WCR,Chandalar,67.5,-148.5
CHS,"Charleston, AFB Municipal",32.898611,-80.040556
PGD,Charlotte County,26.916667,-81.983333
CLT,Charlotte Douglas,35.216667,-80.933333
CYM,Chatham SPB,57.5,-134.75
CFK,Chefornak,60.149167,-164.285556
CYF,Chefornak SPB,60.2,-164.183333
CEX,Chena Hot Springs,65.05,-146.05
HCW,Cheraw,34.7,-79.883333
CKK,Cherokee,36.283333,-91.5
JKV,Cherokee County,31.869444,-95.2175
TVC,Cherry Capital Airport,44.741389,-85.582222
FKL,Chess-Lambertin,41.383333,-79.866667
CTH,Chestercounty Carlson,39.966667,-75.816667
VAK,Chevak,61.528611,-165.590278
CYS,Cheyenne,41.15,-104.8
CHI,Chicago FSS,41.883056,-87.766111
NOH,Chicago NAS,17.8,-88.3
ORD,Chicago O'hare International,41.978611,-87.904722
CKX,Chicken,64.083333,-141.916667
CIC,Chico,39.8,-121.85
KCQ,Chignik,56.261111,-158.777778
KBW,Chignik Bay,56.296389,-158.399444
CDS,Childress,34.416667,-100.216667
JCC,China Basin Heliport,-38.7,-60.016667
CNO,Chino,34.016667,-117.7
CIU,Chippewa County,46.25,-84.466667
EAU,Chippewa Valley Regional Airport,44.865833,-91.484167
CZN,Chisana Field,62.083333,-142.05
HIB,Chisholm,47.383333,-92.833333
CZO,Chistochina,62.566667,-144.666667
CXC,Chitina Arpt,61.566667,-144.416667
CIV,Chomley,55.216667,-132.216667
CHU,Chuathbaluk,61.666667,-159.25
LUK,Cincinnati Municipal-Lunken Field,39.103333,-84.418611
ISZ,Cincinnati-Blue Ash Airport,39.246667,-84.388889
CVG,Cincinnati/northern Kentucky,39.048889,-84.667778
RCP,Cinder River,-4.733333,12.65
IRC,Circle City,65.833333,-144.083333
CHP,Circle Hot Springs,65.466667,-144.583333
CKU,City,9.633333,-74.783333
HVR,City County,48.55,-109.766667
JBT,City Landing,60.8,-161.766667
JID,City Of Industry H/P,34.027222,-117.958333
MDJ,City-county,44.633333,-121.133333
EWK,City-County,38.05,-97.35
SEP,Clark Field,32.216667,-98.183333
CLP,Clarks Point,58.85,-158.5
CAO,Clayton,36.45,-103.183333
CKE,Clear Lake,39.033333,-122.833333
CWI,Clinton,41.833333,-90.35
PLB,Clinton County,44.683333,-73.516667
ILN,Clinton Field,39.416667,-83.8
CLI,Clintonville,43.6,-81.533333
CLG,Coalinga,36.15,-120.35
ERO,Coast Guard,61.0,8.15
LRK,Coast Guard,-16.116667,-68.316667
CSP,Coast Guard Heliport,45.2,-65.916667
PRT,Coast Guard Heliport,47.533333,12.516667
TRP,Coast Guard Heliport,39.983333,25.266667
CFA,Coffee Point,58.230556,-157.5
RCK,Coffield,30.65,-97.0
KCC,Coffman Cove SPB,56.0,-132.833333
CDB,Cold Bay,55.2,-162.716667
CXF,Coldfoot,67.266667,-150.166667
COM,Coleman,31.833333,-99.433333
MTO,Coles County Memorial,39.483333,-88.283333
CGS,College Park,39.0,-76.916667
KCR,Colorado Creek,-17.2,129.366667
AKO,Colorado Plains Regional Airport,40.175556,-103.221944
COS,Colorado Springs,38.816667,-104.716667
COA,Columbia,38.033333,-120.416667
DLS,Columbia Gorge Regional/The Dalles Municipal Airport,45.618611,-121.167222
COU,Columbia Regional,38.95,-92.333333
CBM,Columbus AFB,33.643889,-88.443889
CLU,Columbus Municipal,39.133333,-85.933333
OLU,Columbus Municipal,41.448056,-97.342778
JBP,Commerce Bus. Plaza,33.986667,-118.159722
CPM,Compton,33.89,-118.243611
CON,Concord,6.683333,-57.9
WSD,Condron AAF,61.833333,-1.833333
JCE,Convention Center H/P,-17.916667,142.05
DGW,Converse County,42.75,-105.4
COP,Cooperstown - Westville Airport,42.629167,-74.891111
CZC,Copper Centre,42.483333,12.65
LOZ,Corbin-London,37.083333,-84.066667
CRO,Corcoran,36.1,-119.55
CBA,Corner Bay,57.716667,-135.2
CRP,Corpus Christi International Airport,27.770278,-97.501111
CRS,Corsicana,32.1,-96.466667
CTX,Cortland,36.5,33.616667
CTW,Cottonwood,34.733333,-112.033333
COT,Cotulla,28.433333,-99.233333
CFD,Coulter Field,18.433333,-77.466667
BFT,County,32.416667,-80.633333
JAS,County,30.916667,-94.016667
OBE,County,27.25,-80.833333
SIV,County,39.1,-87.4
WSG,County,40.166667,-80.25
VCT,County-Foster,28.85,-96.916667
PRX,Cox Field,33.633333,-95.45
SEM,Craig AFB,-12.2,96.916667
CRG,Craig Municipal,30.333889,-81.5025
CGA,Craig SPB,55.483333,-133.15
CIG,Craig-Moffat,40.5,-107.583333
CCG,Crane County Arpt,31.4,-102.35
CKR,Crane Island,48.6,-123.0
RTN,Crews Field,36.733333,-104.5
CKD,Crooked Creek,61.866667,-158.133333
CTY,Cross City,29.65,-83.116667
STK,Crosson Field,40.616667,-103.266667
MIC,Crystal,45.061944,-93.353889
CYE,Crystal Lake,41.210278,-75.832222
CUW,Cube Cove,58.35,-133.766667
VHN,Culberson County,31.033333,-104.816667
WBN,Cummings Park,42.466667,-71.15
BBD,Curtis Field,31.133333,-99.333333
ORV,Curtis Memorial,66.833333,-161.033333
CTB,Cut Bank,48.633333,-112.333333
CGF,Cuyahoga County,41.5525,-81.483889
TNT,Dade Collier,25.861944,-80.896944
DCK,Dahl Creek Arpt,66.933333,-156.9
DHT,Dalhart,12.186111,42.89
DNE,Dallas North Airport,7.716667,40.916667
DFW,Dallas/Fort Worth International,32.896944,-97.038056
DXR,Danbury Municipal Airport,41.371667,-73.482222
MSN,Dane County Regional,43.139722,-89.3375
DGB,Danger Bay,58.083333,-152.75
DNL,Daniel Field,33.466389,-82.039444
MGM,Dannelly Fld,32.3,-86.4
MEO,Dare County Regional,35.911111,-75.7
DVN,Davenport,-24.233333,141.066667
DWH,David Wayne Hooks,30.061944,-95.552778
OWB,Daviess County,37.75,-87.166667
MKO,Davis Field,35.666667,-95.366667
DAA,Davison AAF,38.716667,-77.183333
GDV,Dawson Community,47.133333,-104.683333
MGY,Dayton-Wright Brothers Airport,39.588889,-84.224722
DTH,Death Valley,36.452222,-116.869167
DEC,Decatur Arpt,39.833333,-88.866667
BGE,Decatur County,30.9,-84.6
DCR,Decatur Hi-Way,40.833333,-84.933333
DTR,Decatur Island,42.218611,-83.348333
WDB,Deep Bay,55.45,-131.783333
DPK,Deer Park,40.766667,-73.333333
DRG,Deering,66.083333,-162.766667
PDK,Dekalb-Peachtree,33.875556,-84.301944
MIE,Delaware County,40.233333,-85.4
DTA,Delta,39.383333,-112.5
ESC,Delta County Arpt,45.722778,-87.093611
DJN,Delta Junction,64.033333,-145.683333
DMN,Deming,26.951667,108.578889
DEN,Denver International,39.861667,-104.673056
LOL,Derby Field,40.058333,-118.566667
DSM,Des Moines International,41.533889,-93.663056
DRA,Desert Rock,-29.133333,29.733333
DSI,Destin-Fort Walton Beach Airport,30.388611,-86.538333
DET,Detroit City,42.409167,-83.009722
DTW,Detroit Metropolitan Wayne County,42.2125,-83.353333
DVL,Devils Lake,48.116667,-98.9
GRM,Devils Track,47.75,-91.333333
LNI,Dew Station,70.916667,-153.25
PIZ,Dew Station,69.733333,-163.016667
DIK,Dickinson,46.8,-102.8
EEN,Dillant-Hopkins,42.9,-72.266667
HDH,Dillingham Airfield,3.866667,154.983333
DLN,Dillon,45.216667,-112.633333
DLL,Dillon,34.416667,-79.366667
DIO,Diomede Island,65.75,-168.95
MGE,Dobbins Afb,33.912222,-84.515278
DDC,Dodge City Municipal,37.766667,-99.966667
UNU,Dodge County,43.426389,-88.703889
DLO,Dolomi,55.133333,-132.051389
SUE,Door County,44.833333,-87.416667
DOF,Dora Bay,55.2125,-132.266667
DHN,Dothan Arpt,31.316667,-85.45
ABY,Dougherty County,31.533333,-84.2
MEV,Douglas County,39.0,-119.75
DGL,Douglas Municipal,12.616667,14.983333
DOV,Dover AFB,39.129444,-75.466111
AHD,Downtown,-16.933333,179.9
EBR,Downtown,6.45,17.366667
MKC,Downtown,39.116667,-94.583333
STP,Downtown,44.933333,-93.066667
DWN,Downtown Airpark,35.449167,-97.533056
JDB,Downtown Heliport,32.766667,-97.316667
JDM,Downtown Heliport,10.016667,-73.65
JDT,Downtown Heliport,8.316667,40.033333
DNT,Downtown Heliport,1.083333,-77.55
JRB,Downtown Manhattan H/p,40.701111,-74.009167
DYL,Doylestown,40.316667,-75.133333
HAI,Dr Haines,6.0,-9.75
TPL,Draughon-miller Central Texas Regional,31.1525,-97.407778
DRF,Drift River,60.583333,-152.15
DRU,Drummond,46.616667,-113.2
DRE,Drummond Island,46.016667,-83.75
DUJ,Du Bois-Jefferson County,41.178333,-78.898611
DBS,Dubois,44.166667,-112.233333
EGI,Duke Field,45.660833,18.418611
DLH,Duluth International,46.833333,-92.183333
DKK,Dunkirk,42.483333,-79.333333
DPA,Dupage County,41.914444,-88.246389
POU,Dutchess County,41.633333,-73.883333
DYS,Dyess AFB,54.1075,-1.483611
EAA,Eagle,64.766667,-141.15
EGE,Eagle County,39.633333,-106.916667
ELA,Eagle Lake,29.583333,-96.333333
EGV,Eagle River,45.933333,-89.266667
DUA,Eaker,18.083333,-73.85
POF,Earl Fields Memorial,36.75,-90.5
TSS,East 34th St Heliport,40.744444,-73.970833
NES,East 34th St Landing,5.5,-70.483333
JRE,East 60th Street H/P,40.8,-73.966667
HTO,East Hampton,40.966667,-72.233333
MRB,Eastern Wv Regional Airport/Shepherd Field,39.401667,-77.984444
CLL,Easterwood Field,30.588611,-96.363889
ESN,Easton,38.808333,-76.075
OIC,Eaton,42.983333,-80.6
EDA,Edna Bay,55.95,-133.666667
MPV,Edward F Knapp State,44.203611,-72.562222
GUF,Edwards,30.289722,-87.671667
EDW,Edwards AFB,34.9,-117.883333
EEK,Eek,60.216667,-162.016667
EGX,Egegik,58.216667,-157.366667
VPS,Eglin AFB,30.483333,-86.525278
EIL,Eielson AFB,64.665556,-147.101389
EFB,Eight Fathom Bight,58.0,-135.733333
KKU,Ekuk,58.816667,-158.55
KEK,Ekwok,59.366667,-157.483333
NJK,El Centro NAF,32.829167,-115.671667
EDK,El Dorado,37.766667,-96.866667
EMT,El Monte,34.1,-118.033333
ELP,El Paso International Airport,31.8,-106.383333
ELV,Elfin Cove SPB,58.183333,-136.316667
ELI,Elim,64.616667,-162.266667
ECG,Elizabeth City,36.260556,-76.174444
FID,Elizabeth Field,41.266667,-72.033333
EKX,Elizabethtown,37.7,-85.866667
EKN,Elkins,38.883333,-79.85
EKO,Elko Regional,40.825,-115.791667
ELW,Ellamar,60.897222,-146.6125
EFD,Ellington Field,29.602778,-95.152778
MYU,Ellis Field,60.383333,-166.2
RCA,Ellsworth Afb,44.145,-103.103611
NDP,Ellyson NAS,30.526944,-87.198056
EDF,Elmendorf Afb,61.251389,-149.806389
ELM,Elmira Corning Regional,42.166667,-76.9
LYU,Ely,47.9,-91.85
EMB,Embarkadero,-38.7,-60.016667
DUT,Emergency Field,53.9,-166.533333
PLN,Emmet County,45.566667,-84.8
ECA,Emmet County Airport,44.266667,-83.483333
EMK,Emmonak,62.766667,-164.5
EMP,Emporia,38.333333,-96.183333
WDG,Enid Woodring Mun.,36.383333,-97.783333
EPH,Ephrata,47.3,-119.516667
OMA,Eppley Airfield,41.3,-95.9
ERR,Errol,44.7925,-71.164722
ESF,Esler Field,31.4,-92.3
ESO,Espanola,36.1,-106.033333
EUG,Eugene,44.116667,-123.216667
UCE,Eunice,30.5,-92.416667
EUE,Eureka,39.516667,-115.966667
EVW,Evanston,41.35,-111.016667
EVV,Evansville Regional Airport,38.036944,-87.5325
EVM,Eveleth,47.433333,-92.5
UCY,Everett-Stewart,36.416667,-89.05
ZXS,Exchangest Railway Svc,42.878333,-78.875278
CLW,Executive,50.433333,-93.45
FXE,Executive,26.183333,-80.166667
SAC,Executive,38.516667,-121.483333
FAI,Fairbanks International Airport,64.816667,-147.866667
CLM,Fairchild Intl,48.133333,-123.5
KCK,Fairfax Municipal,39.116667,-94.65
FRM,Fairmont,43.65,-94.416667
MSC,Falcon Field,33.45,-111.716667
FAL,Falcon State,26.586111,-99.1375
FLJ,Falls Bay,60.0325,-148.008333
INL,Falls Intl,48.566667,-93.4
FAK,False Island,57.530556,-135.216667
KFP,False Pass,54.85,-163.416667
IDA,Fanning Field,43.516667,-112.066667
FWL,Farewell,62.516667,-153.9
KSR,Federal No 1,51.0,-96.383333
FAF,Felker AAF,19.833333,-72.5
SFF,Felts Field,47.666667,-117.325
FFM,Fergus Falls,46.283333,-96.166667
FNK,Fin Creek,69.5,-147.583333
FDY,Findlay,41.016667,-83.666667
FIC,Fire Cove,55.777778,-131.5375
FCT,Firing Center AAF,56.8,41.266667
FFA,First Flight,36.016667,-75.666667
KCG,Fisheries,56.3,-158.4
FIV,Five Finger,57.27,-133.631389
FMC,Five Mile,65.916667,-149.833333
FLT,Flat,62.45,-158.0
FXM,Flaxman Island,70.216667,-146.0
CKM,Fletcher Field,34.299722,-90.512222
FLP,Flippin,36.3,-92.583333
FLO,Florence,34.183333,-79.716667
FLU,Flushing,5.5,-70.483333
FCM,Flying Cloud,44.827222,-93.456944
FLD,Fond Du Lac,43.766667,-88.483333
FOE,Forbes Field,38.950833,-95.663611
IMT,Ford,45.816667,-88.116667
TBN,Forney AAF,37.733333,-92.15
FOB,Fort Bragg,39.474444,-123.795556
FBR,Fort Bridger,41.316667,-110.383333
QWF,Fort Collins Bus Servi,19.833333,-72.5
FOD,Fort Dodge Regional,42.551111,-94.191944
HLR,Fort Hood AAF,31.138611,-97.714444
RBN,Fort Jefferson,19.833333,-72.5
FLL,Fort Lauderdale/hollywood International,26.0725,-80.152778
FLE,Fort Lee AAF,52.3,5.833333
CMY,Fort Mccoy,43.95,-90.783333
FSU,Fort Sumner,34.466667,-104.25
AFW,Fort Worth Alliance,32.987778,-97.318889
FWH,Fort Worth NAS Jrb/Carswell Field,32.769167,-97.441667
FYU,Fort Yukon,66.566667,-145.266667
FTL,Fortuna Ledge,61.866667,-162.033333
FOX,Fox,64.85,-147.766667
LFN,Franklin,36.1,-78.3
UOS,Franklin County,35.205278,-85.898056
FDK,Frederick Municipal,39.4175,-77.374444
SER,Freeman Municipal,38.95,-85.883333
RBK,French Valley,-14.333333,-66.5
WFK,Frenchville,47.35,-68.383333
FRP,Fresh Water Bay,57.845833,-135.025
FAT,Fresno Air Terminal Airport,36.766667,-119.716667
FCH,Fresno-Chandler,19.291389,-99.425833
FRD,Friday Harbor,48.521944,-123.024444
FBS,Friday Harbor SPB,-28.033333,115.6
FRR,Front Royal-Warren County,38.9175,-78.253611
FRY,Fryeburg,44.016667,-70.983333
FBK,Ft Wainwright,-32.533333,26.7
CWO,Ft Wolter AAF,-5.133333,137.533333
FTY,Fulton County,9.716667,-82.983333
RCR,Fulton County,49.916667,-0.966667
AKC,Fulton International,-26.8,23.75
GAB,Gabbs,38.866667,-117.916667
GAG,Gage,36.316667,-99.75
GNV,Gainesville Regional,29.683333,-82.266667
GAK,Gakona,62.3,-145.3
GBH,Galbraith Lake,68.466667,-149.483333
GAL,Galena,64.716667,-156.933333
GBG,Galesburg,40.933333,-90.433333
GQQ,Galion,40.733333,-82.8
BZN,Gallatin Field,45.7775,-111.153056
JGL,Galleria Heliport,33.885,-84.462778
GAM,Gambell,63.766667,-171.75
GEK,Ganes Creek,62.983333,-156.5
GCK,Garden City Municipal Airport,37.933333,-100.733333
PIM,Garden Harris County,32.833333,-84.85
RIL,Garfield County,39.516667,-107.716667
UVA,Garner Fld,29.2,-99.733333
GYY,Gary/Chicago International,41.616389,-87.412778
GKT,Gatlinburg,31.353611,-84.375
LAR,General Brees Field,41.316667,-105.666667
MKE,General Mitchell International,42.95,-87.9
IAH,George Bush Intercontinental,29.984444,-95.341389
AIV,George Downer,33.1,-88.2
BXA,George R Carr,30.783333,-89.866667
GGE,Georgetown,33.316667,-79.316667
GTY,Gettysburg,39.833333,-77.233333
GIF,Gilbert Field,28.066667,-81.75
CJN,Gillespie Field,32.826111,-116.9725
SEE,Gillespie Field,32.550278,-116.916389
KGZ,Glacier Creek,61.45,-142.4
FCA,Glacier Park International,48.316667,-114.266667
GDW,Gladwin,43.983333,-84.483333
GWV,Glendale,-17.360556,31.059722
WLW,Glenn County,39.516667,-122.216667
MTN,Glenn L Martin,39.183333,-76.683333
GLQ,Glennallen,62.116667,-145.55
GWS,Glenwood Springs,-32.6,27.55
BQK,Glynco Jetport,31.25,-81.45
FTK,Godman AAF,19.833333,-72.5
IWD,Gogebic County,46.533333,-90.133333
GDH,Golden Horn Lodge SPB,59.746944,-158.874722
GTR,Golden Triangle Reg.,33.466667,-88.383333
GLV,Golovin,64.55,-163.016667
GOF,Goodfellow AFB,43.816667,12.8
GNG,Gooding,42.916667,-114.783333
GNU,Goodnews Bay,59.116667,-161.516667
ELD,Goodwin Field,33.216667,-92.816667
GRN,Gordon,42.8,-102.2
GSH,Goshen,41.583333,-85.833333
GFK,Grand Forks,47.95,-97.183333
RDR,Grand Forks AFB,58.4,-1.75
GRI,Grand Island,40.9675,-98.309722
GPZ,Grand Rapids,47.216667,-93.516667
CRE,Grand Strand Airport,33.811667,-78.723889
GMT,Granite Mountain,65.4,-161.283333
MWH,Grant County,47.095,-119.261389
PGC,Grant County,39.0,-79.116667
SVC,Grant County,32.633333,-108.166667
AMN,Gratiot Community,43.383333,-84.65
GRK,Gray Aaf,31.067222,-97.828889
GRF,Gray Aaf,35.339167,-77.960556
KGX,Grayling,62.666667,-160.008333
PNX,Grayson County,33.633333,-96.583333
GBD,Great Bend,38.35,-98.866667
BGM,Greater Binghamton,42.208611,-75.979722
IKK,Greater Kankakee,41.066667,-87.85
PIA,Greater Peoria,40.666667,-89.683333
PMH,Greater Portsmouth Regional,38.840556,-82.847222
ROC,Greater Rochester International,43.118889,-77.6725
RFD,Greater Rockford Airport,42.2,-89.1
ILG,Greater Wilmington,39.683333,-75.6
OTN,Green,38.866667,-87.433333
RVR,Green River,38.966667,-110.25
SSU,Greenbrier,61.833333,-1.833333
LWB,Greenbrier Valley,37.783333,-80.336111
WAY,Greene County,39.9,-80.144167
GLH,Greenville,33.477222,-90.985
GMU,Greenville Downtown,34.848056,-82.35
GSP,Greenville Spartanbur Int'l Airport,34.895556,-82.218889
GRD,Greenwood,34.25,-82.15
PBF,Grider Field,34.183333,-91.933333
SKY,Griffing Sandusky,41.433333,-82.7
RME,Griffiss AFB,43.233889,-75.406944
GUS,Grissom Afb,40.648056,-86.152222
MPE,Griswold,41.283333,-72.6
BPA,Grumman,40.75,-73.483333
GPT,Gulfport-Biloxi International,30.4,-89.066667
GKN,Gulkana,62.166667,-145.466667
GUC,Gunnison,38.533333,-106.933333
GUN,Gunter AFB,51.066667,-1.166667
GST,Gustavus Arpt,58.416667,-135.7
GOK,Guthrie,35.883333,-97.416667
GUY,Guymon,36.683333,-101.483333
LZU,Gwinnett County Airport,33.978056,-83.9625
JBS,Hacienda Bus.Park H/P,37.699722,-121.9
PVW,Hale County,34.166667,-101.716667
FSN,Haley AAF,19.833333,-72.5
HAF,Half Moon,37.483333,-122.466667
RZZ,Halifax County,36.466667,-77.666667
DUC,Halliburton Field,34.466667,-97.966667
HAO,Hamilton,39.433333,-84.5
SRF,Hamilton Field,8.45,-73.916667
HNM,Hana,20.8,-156.016667
HEY,Hanchey Army Heliport,53.116667,22.45
BED,Hanscom Field,42.466667,-71.283333
HEZ,Hardy-Anders,31.616667,-91.3
CDH,Harrell Fld,33.616667,-92.766667
LWL,Harriet Field,41.116667,-114.966667
MDT,Harrisburg International,40.193611,-76.763333
ZUG,Harrisburg Rail,34.251389,36.009722
PHD,Harry Clever,40.466667,-81.433333
ATL,Hartsfield-jackson Atlanta International,33.636667,-84.428056
HSI,Hastings,40.6,-98.433333
HAX,Hatbox Field,35.745833,-95.412778
HNC,Hatteras,35.216667,-75.686111
PIB,Hattiesburg-Laurel Regional,31.467222,-89.336944
HAE,Havasupai,36.230556,-112.669444
HKS,Hawkins Field,32.333611,-90.222222
HHR,Hawthorne,33.916667,-118.35
HTH,Hawthorne,38.535278,-118.633611
HAY,Haycock,65.2,-161.15
HZL,Hazleton,40.983333,-76.0
HKB,Healy Lake,63.866667,-148.966667
FAR,Hector Field,46.916667,-96.816667
HLN,Helena,46.6,-111.983333
JDY,Heliport,33.956389,-118.120556
JEM,Heliport,37.95,-122.336111
JGX,Heliport,34.133333,-118.266667
JGC,Heliport,35.975,-112.140278
JLB,Heliport,-53.2,73.483333
JNP,Heliport,33.6,-117.883333
ORQ,Heliport,41.116667,-73.45
JPD,Heliport,34.133333,-118.133333
HSH,Henderson Sky Harbor,35.968333,-115.119167
0A7,Hendersonville Airport,35.316667,-82.45
PHT,Henry County,36.333333,-88.383333
FSI,Henry Post AAF,19.833333,-72.5
TMA,Henry Tift Myers,31.428889,-83.488611
HED,Herendeen,55.8,-160.9
LUL,Hesler-Noble Field,31.673056,-89.172778
HIK,Hickam AFB,21.316111,-157.926667
HKY,Hickory,35.733333,-81.383333
HDA,Hidden Falls,57.066667,-134.983333
HIF,Hill Afb,41.123889,-111.973056
HLC,Hill City,39.366667,-99.85
HLB,Hillenbrand,39.3,-85.216667
ITO,Hilo International,19.716667,-155.05
HHH,Hilton Head,32.224444,-80.6975
WHH,Hiltons Har H,-30.783333,121.483333
BZT,Hinkles Ferry,29.05,-95.566667
HBR,Hobart,34.991389,-99.051389
HBH,Hobart Bay,57.408333,-133.466667
HGZ,Hogatza,66.183333,-155.666667
HOL,Holikachu,62.9,-159.516667
HLI,Hollister,36.85,-121.4
HMN,Holloman AFB,37.633333,-6.433333
HCR,Holy Cross,62.15,-159.783333
HOM,Homer,59.633333,-151.5
HMS,Homeshore,58.294444,-135.347222
HNL,Honolulu International,21.333333,-157.933333
MWO,Hook Field,39.531111,-84.395278
HNH,Hoonah,58.1,-135.433333
HPB,Hooper Bay,61.5,-166.083333
CLE,Hopkins International,41.416667,-81.85
RAC,Horlick,42.757778,-87.820833
THP,Hot Springs,40.9,23.55
KBE,Hot Springs SPB,55.916667,-131.566667
CMX,Houghton County,47.123611,-88.573333
HCA,Howard County,32.3,-101.433333
HON,Howes,44.383333,-98.233333
CVR,Hughes,34.016667,-118.4
HUJ,Hugo,34.016667,-95.516667
HUF,Hulman Field,10.733333,-61.35
HUD,Humboldt,42.733333,-94.216667
LND,Hunt Field,42.8,-108.675
HGT,Hunter AAF,-7.3,157.033333
SVN,Hunter AAF,32.01,-81.145556
HSV,Huntsville International - Carl T. Jones Field,34.637222,-86.775
HSL,Huslia,65.7,-156.416667
HUT,Hutchinson,38.066667,-97.866667
JHY,Hyatt Regency H/P,42.366667,-71.102778
DEO,Hyatt Regency H/P,42.312778,-83.218889
ICY,Icy Bay,59.983333,-141.65
IGG,Igiugig,59.316667,-155.9
BDR,Igor I. Sikorsky Mem.,41.166667,-73.133333
ILI,Iliamna,59.733333,-154.966667
VYS,Illinois Valley Regnl,41.3525,-89.149722
IMM,Immokalee,26.416667,-81.416667
IML,Imperial,40.516667,-101.616667
IPL,Imperial County,32.833333,-115.566667
IDP,Independence,16.533333,-88.416667
UTO,Indian Mountain AFS,65.983333,-153.683333
IND,Indianapolis International,39.717222,-86.294722
OTM,Industrial,41.1,-92.45
ROW,Industrial,33.416667,-104.55
TIW,Industrial,-16.3,-67.45
HBB,Industrial Airpark,-18.999722,142.0
HSP,Ingalls Field,37.95,-79.816667
HVE,Intermediate,38.416667,-110.7
MDO,Intermediate,59.45,-146.316667
MHM,Intermediate,55.583333,-3.016667
MOS,Intermediate,64.7,-162.05
PMB,Intermediate,48.95,-97.233333
SKW,Intermediate,61.95,-151.2
TSG,Intermediate,45.228056,18.073333
CYT,Intermediate,60.083333,-142.483333
BIG,Intermediate Field,64.0,-145.733333
ALI,International,27.733333,-98.016667
CXL,International,32.666667,-115.516667
DRT,International,29.366667,-100.916667
ERI,International,42.083333,-80.183333
GGW,International,48.216667,-106.616667
GTF,International,47.5,-111.366667
HUL,International,46.133333,-67.8
KTN,International,55.333333,-131.65
EYW,International,24.55,-81.766667
LRD,International,27.533333,-99.466667
LBB,International,33.666667,-101.833333
MOT,International,48.266667,-101.283333
IAG,International,43.1,-79.033333
OLS,International,31.333333,-110.933333
RST,International,43.908333,-92.5
OLF,International,48.083333,-105.566667
YUM,International,32.65,-114.6
JIO,Intl Heliport,-11.283333,-74.433333
PWM,Intl Jetport,43.65,-70.3
IOW,Iowa City,41.639167,-91.546389
IFA,Iowa Falls,42.516667,-93.266667
ISL,Isabel Pass,63.5,-145.033333
JHC,Island Heliport,40.744444,-73.608333
IVH,Ivishak,69.4,-148.25
VLE,J t Robidoux,35.65,-112.2
KPT,Jackpot,41.966667,-114.666667
MJQ,Jackson,43.616667,-95.016667
JAC,Jackson Hole,43.6,-110.733333
JAN,Jackson-evers,32.311111,-90.075833
JAX,"Jacksonville,",30.416667,-81.633333
JAR,Jahrom,34.133333,-118.016667
DAY,James Cox Dayton Intl,39.75,-84.183333
JMS,Jamestown,46.933333,-98.683333
JHW,Jamestown,42.15,-79.25
BJC,Jeffco,39.933333,-105.066667
BPT,Jefferson County,30.083333,-94.1
MDN,Jefferson Proving Grd,38.733333,-85.366667
NLE,Jerry Tyler Memorial,41.85,-86.216667
FSD,Joe Foss Field Airport,43.581944,-96.741944
JDA,John Day,44.416667,-118.95
JFK,John F Kennedy Intl,40.633333,-73.783333
SNA,John Wayne,33.666667,-117.866667
JCY,Johnson,32.333333,-97.333333
OJC,Johnson Executive,38.85,-94.733333
JBR,Jonesboro,35.833333,-90.65
JLN,Joplin Regional,37.151944,-94.498333
JDN,Jordan,47.316667,-106.916667
TWF,Joslin Field - Magic Valley Regional,42.481667,-114.487778
OGG,Kahului,20.898611,-156.430556
KNK,Kakhonak,59.433333,-154.85
KKK,Kalakaket AFS,64.416667,-156.833333
AZO,Kalamazoo/Battle Creek Intl,42.235,-85.551944
LUP,Kalaupapa,21.183333,-156.966667
KAL,Kaltag,64.333333,-158.7
MUE,Kamuela,20.0,-155.683333
KUY,Kamusi Airport,57.634444,-153.998333
KNB,Kanab,37.25,-112.833333
MCI,Kansas City International Airport,39.291667,-94.730556000000007
JHM,Kapalua West Maui,20.963056,-156.673056
KYK,Karluk,57.566667,-154.416667
KKL,Karluk Lake SPB,40.05,26.966667
KXA,Kasaan SPB,55.5,-132.5
KUK,Kasigluk,60.866667,-162.533333
EAR,Kearney,40.733333,-99.016667
BIX,Keesler AFB,28.666667,-88.433333
CKA,Kegelman Af,26.283333,-77.033333
SKF,Kelly AFB,6.233333,-76.733333
KEU,Kelly Bar,50.6,-4.266667
KLP,Kelp Bay,57.558333,-134.866667
EMM,Kemerer,41.85,-110.55
ENA,Kenai,60.55,-151.266667
KEH,Kenmore Air Harbor,47.738333,-122.268056
LKE,Kenmore Air Harbor SPB,47.628889,-122.338611
ENW,Kenosha Regional Airport,42.583333,-87.916667
GRR,Kent County Intl,42.883333,-85.533333
KKT,Kentland,40.766667,-87.45
EOK,Keokuk,40.466667,-91.433333
IYK,Kern County,35.65,-117.833333
MHV,Kern County,35.483333,-118.2
MIT,Kern County,35.5,-119.266667
TSP,Kern County,35.135,-118.439167
ERV,Kerrville,29.983333,-99.083333
MEI,Key Field,32.333333,-88.75
KIP,Kickapoo,33.9,-98.5
GGG,Kilgore,32.383333,-94.716667
JCT,Kimble County,30.483333,-99.766667
INR,Kincheloe AFB,45.85,5.416667
KVC,King Cove,55.066667,-162.316667
KPD,King Of Prussia,40.083333,-75.383333
AKN,King Salmon,58.516667,-156.633333
IGM,Kingman,35.25,-113.933333
LMT,Kingsley Field,42.166667,-121.733333
KPN,Kipnuk SPB,59.933333,-164.033333
IRS,Kirsch Municipal,41.8,-85.416667
ISM,Kissimmee Gateway,28.283333,-81.433333
KVL,Kivalina,67.733333,-164.666667
KZH,Kizhuyak,57.583333,-153.15
KBK,Klag Bay,57.0,-136.0
KLW,Klawock,55.55,-133.1
RKD,Knox County Regional,44.066667,-69.1
OBU,Kobuk/Wien,66.933333,-156.866667
ADQ,Kodiak Airport,57.75,-152.483333
WDY,Kodiak Fss,56.866667,-1.25
OKK,Kokomo,40.533333,-86.066667
KOA,Kona International Airport,19.738889,-156.045556
KKH,Kongiganak,59.966667,-162.75
KOT,Kotlik,63.033333,-163.533333
OTZ,Kotzebue,66.866667,-162.633333
KKA,Koyuk,64.916667,-161.133333
KYU,Koyukuk,64.9,-157.7
LKK,Kulik Lake,58.966667,-155.083333
UUK,Kuparuk,70.416667,-148.916667
KWT,Kwethluk,60.8,-161.45
KWK,Kwigillingok,59.816667,-163.15
KWN,Kwinhagak,59.75,-161.916667
LGD,La Grande,45.316667,-118.033333
LGA,La Guardia,40.766667,-73.866667
PMD,La Palmdale Regional Airport,34.629444,-118.084444
DRO,La Plata,37.15,-107.75
WLB,Labouchere Bay,56.291667,-133.658333
LFT,Lafayette Regional,30.205278,-91.9875
KCL,Lagoon,56.3,-158.533333
LGF,Laguna AAF,-1.6,138.716667
MFD,Lahm Municipal,40.816667,-82.516667
BKF,Lake Brooks SPB,58.554722,-155.7775
LKV,Lake County,42.166667,-120.4
LMA,Lake Minchumina,63.883333,-152.316667
LKP,Lake Placid,44.264444,-73.961944
NEW,Lakefront,30.049444,-90.028889
LKS,Lakeside,29.847778,-95.688611
LKI,Lakeside USAF,-19.233333,18.2
LAA,Lamar Field,38.066667,-102.683333
STL,Lambert-St. Louis International,38.748611,-90.37
LNY,Lanai City,20.783333,-156.95
LNS,Lancaster,40.116667,-76.3
ZRL,Lancaster PA Rail,40.066667,38.766667
BAM,Lander County,40.633333,-116.933333
EVA,Landing Strip,30.35,-94.066667
LFI,Langley AFB,52.166667,-2.016667
KLN,Larsen SPB,57.533333,-154.0
TAD,Las Animas,5.416667,-71.666667
LVS,Las Vegas,35.65,-105.15
LTH,Lathrop Wells,36.666667,-116.65
DLF,Laughlin Afb,29.516667,-100.0
IFP,Laughlin Bullhead Intl,30.733333,72.816667
LWC,Lawrence,38.95,-95.283333
LWM,Lawrence,42.716667,-71.116667
HTW,Lawrence County Airpark,42.2525,-82.494444
MWC,Lawrence J Timmerman,43.110278,-88.034167
LVL,Lawrenceville,36.75,-77.85
LSF,Lawson Aaf,32.337222,-84.991389
HOB,Lea County,32.683333,-103.216667
LXV,Leadville,39.333333,-106.5
SLO,Leckrone,38.616667,-88.933333
ANP,Lee,38.983333,-76.5
LBF,Lee Bird Field,41.133333,-100.7
AIZ,Lee C Fine Memorial,38.1,-92.55
GVL,Lee Gilmer Memorial,34.266667,-83.833333
LEE,Leesburg,28.833333,-81.816667
GWO,Leflore,33.5,-90.2
ABE,Lehigh Valley International,40.652222,-75.440278
LEM,Lemmon,45.916667,-102.1
TUP,Lemons Municipal,34.268056,-88.77
NLC,Lemoore NAS,36.333056,-119.951944
ADG,Lenawee County,41.9,-84.033333
MRN,Lenoir,35.75,-81.725
KLL,Levelock,59.116667,-156.883333
CDK,Lewis,29.133333,-83.033333
MCN,Lewis B Wilson,32.683333,-83.65
LOT,Lewis Lockport,41.6,-88.05
LXN,Lexington,40.783333,-99.75
LIH,Lihue,21.983333,-159.35
LVD,Lime Village,61.35,-155.466667
LNK,Lincoln,40.850833,-96.759167
LHM,Lincoln Regional Airport,38.909167,-121.351389
LDJ,Linden,40.633333,-74.25
GYR,Litchfield,33.433333,-112.35
WLN,Little Naukati,55.866667,-133.216667
LPW,Little Port Walter,56.383333,-134.833333
LRF,Little Rock Afb,34.918056,-92.146389
LIV,Livengood,65.4725,-148.669167
LVK,Livermore,37.683333,-121.766667
BOS,Logan International,42.363056,-71.0
LPC,Lompoc Airport,34.666667,-120.469444
LGB,Long Beach Municipal,33.816667,-118.15
LIJ,Long Island,54.9,-132.75
ISP,Long Island Mac Arthur,40.795278,-73.100278
KLS,Longview,46.15,-122.9
LOG,Longview,46.116667,-122.883333
LPS,Lopez Island,48.483333,-122.936111
LSB,Lordsburg,32.416667,-108.666667
WLR,Loring,55.6,-131.566667
LIZ,Loring AFB,46.950556,-67.885833
LAM,Los Alamos,35.883333,-106.316667
LAX,Los Angeles International,33.9425,-118.407222
LSN,Los Banos,37.066667,-120.85
LHB,Lost Harbor Sea Port,54.233333,-165.6
LNN,Lost Nation,41.633333,-81.416667
LSR,Lost River,65.4,-167.15
MSY,Louis Armstrong New Orl̩ans International Airport,29.993333,-90.258056
SDF,Louisville International,38.174444,-85.736111
DAL,Love Field,32.852778,-96.85
CHA,Lovell Field,35.035278,-85.203889
LOR,Lowe Army Heliport,53.116667,22.45
UBS,Lowndes County,33.449722,-88.365833
LFK,Lufkin Angelina County,31.25,-94.752778
LUF,Luke Afb,6.466667,-57.65
LBT,Lumberton,34.6,-79.066667
IPT,Lycoming County,41.25,-76.916667
LLX,Lyndonville,44.5,-72.016667
PLK,M Graham Clark,36.616667,-93.216667
MCF,Mac Dill AFB,54.433333,23.65
RMC,Machesney,-32.85,24.166667
HFF,Mackall AAF,-40.2,-72.166667
MCD,Mackinac Island,45.865,-84.637222
MAE,Madera,-13.083333,49.083333
XMD,Madison,44.0,-97.116667
GVT,Majors Field,33.133333,-96.116667
MLD,Malad City,42.336111,-112.3
MAW,Malden,36.6,-89.983333
GFA,Malmstrom AFB,27.083333,-77.0
MLK,Malta,48.35,-107.866667
MMH,Mammoth Lakes,37.616667,-118.85
MNZ,Manassas,38.716667,-77.516667
MHT,Manchester-boston Regional Airport,42.9325,-71.435556
MLY,Manley Hot Springs,65.0,-150.633333
KMO,Manokotak SPB,58.966667,-159.05
NTJ,Manti-Ephraim,39.266667,-111.633333
MZJ,Marana,32.509722,-111.325278
MTH,Marathon Flight Strip,24.716667,-81.05
MYH,Marble Canyon,36.816667,-111.65
RIV,March ARB,33.880833,-117.259444
MRK,Marco Island,25.933333,-81.716667
RTE,Marguerite Bay,55.7,-131.633333
JMC,Marin County,37.879167,-122.513611
OAR,Marina Municipal,36.681944,-121.762222
QNY,Marine Air Terminal,5.5,-70.483333
MZZ,Marion,40.483333,-85.683333
HAB,Marion County,34.116667,-88.0
APT,Marion County,35.066667,-85.633333
JMD,Market Centre H/P,7.716667,40.916667
MXG,Marlborough,42.333333,-71.55
JMH,Marriott Heliport,42.033333,-88.083333
MLL,Marshall,61.883333,-162.066667
FRI,Marshall AAF,39.055278,-96.764444
CNU,Martin Johnson,37.683333,-95.45
MDA,Martindale Army Heliport,29.431389,-98.377778
AOO,Martinsburg,40.3,-78.316667
MCW,Mason City Municipal,43.157778,-93.331389
LDM,Mason County,50.8,24.05
SJT,Mathis Fld,31.357778,-100.496389
MRC,Maury County,-10.75,-67.866667
EGP,Maverick Co,28.866667,-100.533333
OUN,Max Westheimer,35.158333,-97.466667
MXE,Maxton,34.733333,-79.35
MYK,May Creek,61.366667,-142.683333
MBS,MBS International,43.532778,-83.079722
MLC,Mc Alester,34.883333,-95.783333
MFE,Mc Allen Miller International,26.175833,-98.238611
LAS,Mc Carran Intl,36.083333,-115.166667
CLD,Mc Clellan-Palomar Airport,33.116667,-117.266667
MMT,Mc Entire ANG Base,-10.75,-67.866667
TYS,Mc Ghee Tyson,35.95,-83.916667
WRI,Mc Guire Afb,40.015556,-74.593611
MKL,Mc Kellar-Sipes Regional,35.6,-88.915556
CEC,Mc Namara Fld,41.783333,-124.233333
MYL,Mccall,45.883333,-116.1
MXY,Mccarthy,61.416667,-142.916667
TCM,McChord AFB,47.137778,-122.476389
MCC,Mcclellan AFB,10.783333,-74.15
MCK,Mccook,40.2,-100.583333
MCG,Mcgrath,62.966667,-155.633333
MKF,Mckenna AAF,-12.5625,39.896389
SSI,Mckinnon,50.933333,5.95
MMI,McMinn County,35.45,-84.6
SLE,Mcnary Field,44.916667,-123.0
MPR,Mcpherson,38.35,-97.683333
FTW,Meacham Field,32.855556,-96.85
BFL,Meadows Field,35.433611,-119.056667
MEJ,Meadville,41.619444,-80.2
MDF,Medford,45.15,-90.333333
MDR,Medfra,63.1,-154.716667
TLR,Mefford Field,39.156389,-119.326111
MLB,Melbourne International Airport,28.1,-80.633333
CIL,Melsing Creek,64.9,-163.733333
CSV,Memorial,35.95,-85.083333
DFI,Memorial,41.283333,-84.366667
JEF,Memorial,38.591111,-92.039444
OWD,Memorial,42.183333,-71.183333
PUB,Memorial,38.283333,-104.5
SBM,Memorial,43.762222,-87.850833
SIK,Memorial,36.883333,-89.566667
TRX,Memorial,44.1,-77.583333
UGN,Memorial,42.35,-87.833333
HOT,Memorial Field,34.483333,-93.1
MEM,Memphis International,35.066667,-89.966667
MNM,Menominee,45.283333,-87.633333
MCE,Merced Municipal Arpt,37.283333,-120.516667
CGX,Merrill C Meigs,41.858889,-87.608333
MRI,Merrill Field,61.2,-149.833333
COI,Merritt Island,28.133333,-80.633333
KIC,Mesa Del Rey,36.233333,-121.116667
MTX,Metro Field,64.8,-147.75
ZME,Metropark Rail,40.919444,74.169444
PMX,Metropolitan,42.15,-72.316667
CAE,Metropolitan Airport,33.95,-81.116667
CLC,Metroport,29.5575,-95.139167
CEV,Mettle Field,39.633333,-85.133333
MIO,Miami,10.016667,-73.65
MIA,Miami International Airport,25.783333,-80.266667
OXD,Miami University,45.733333,-63.866667
DPG,Michael AAF,48.583333,-81.016667
MGC,Michigan City Arpt,41.7,-86.816667
ICT,Mid-Continent,37.65,-97.433333
MAF,Midland International,31.9425,-102.201944
MDW,Midway,41.783333,-87.75
RED,Mifflin County,40.683333,-77.616667
GNT,Milan,35.15,-107.866667
MLF,Milford,38.433333,-113.016667
RCT,Miller Field,43.9,-85.516667
VTN,Miller Field,42.85,-100.55
NQA,Millington Regional Jetport,35.356667,-89.870278
MLT,Millinocket,45.65,-68.7
MIV,Millville,39.366667,-75.083333
ZML,Milwaukee General Mitchell,32.466667,171.916667
MWL,Mineral Wells Arpt,32.783333,-98.066667
SJC,Mineta San Jose International Airport,37.352778,-121.919444
MSP,Minneapolis - St. Paul Intl,44.883333,-93.216944
MIB,Minot AFB,47.666667,4.866667
MNT,Minto,64.9,-149.166667
MMN,Minute Man Airfield,42.433333,-71.502778
NKX,Miramar MCAS,32.868333,-117.1425
LVM,Mission Field,45.666667,-110.566667
MSO,Missoula International,46.916667,-114.083333
BFM,Mob Aerospace,47.25,-52.85
MBY,Moberly,39.466667,-92.433333
MOB,Mobile Regional Airport,30.691111,-88.242778
MBG,Mobridge,34.741667,73.625
NUQ,Moffett Field,37.383333,-122.066667
MKK,Molokai,21.166667,-157.116667
ECS,Mondell,43.883333,-104.316667
BLM,Monmouth Executive Airport,40.185556,-74.123611
MVC,Monroe - Walton County,10.1,18.75
MTP,Montauk Airport,41.083333,-71.916667
MRY,Monterey Peninsula,36.583333,-121.85
MVE,Montevideo-Chippewa,44.969167,-95.710278
CEZ,Montezuma County,37.316667,-108.633333
CXO,Montgomery Co,30.316667,-95.45
GAI,Montgomery County,39.168333,-77.166111
MYF,Montgomery Field,32.8,-117.133333
MTJ,Montrose Regional Airport,38.509722,-107.894167
QMV,Montvale,43.866667,1.6
MVM,Monument Valley,36.709722,-110.236667
GMV,Monument Valley,-2.616667,152.016667
VAD,Moody AFB,46.286111,12.437778
MOR,Moore-Murrell,36.183333,-83.366667
CFT,Morenci,32.95,-109.2
MGW,Morgantown,39.633333,-79.916667
MVL,Morrisville-Stowe,44.583333,-72.625
KMY,Moser Bay,57.0,-154.166667
MGR,Moultrie Municipal,31.083333,-83.8
MPS,Mount Pleasant,33.15,-94.966667
MUU,Mount Union,40.383333,-77.883333
MWS,Mount Wilson,51.916667,-2.866667
WMH,Mountain Home,36.366667,-92.466667
MOU,Mountain Village,62.083333,-163.733333
MCL,Mt Mckinley,63.733333,-148.9
MSD,Mt Pleasant,39.524722,-111.474444
MPO,Mt Pocono,41.133333,-75.366667
MVN,Mt Vernon-Outland,38.316667,-88.866667
CDV,Mudhole Smith,60.483333,-145.483333
MUI,Muir AAF,19.833333,-72.5
MHN,Mullen,42.05,-101.066667
ABR,Municipal,45.45,-98.433333
ABI,Municipal,32.416667,-99.683333
AFO,Municipal,42.716667,-110.933333
AIK,Municipal,33.65,-81.683333
ALM,Municipal,32.833333,-106.0
ALS,Municipal,37.433333,-105.866667
AXS,Municipal,34.702778,-99.333333
AHH,Municipal,45.283333,-92.366667
AID,Municipal,32.4,34.866667
ARB,Municipal,42.223056,-83.745556
AAF,Municipal,29.733333,-85.033333
AHF,Municipal,15.316667,-88.883333
AIO,Municipal,41.4,-95.016667
AVO,Municipal,27.6,-81.516667
BVX,Municipal,35.766667,-91.65
BBB,Municipal,45.316667,-95.6
HKA,Municipal,35.933333,-89.916667
WBU,Municipal,40.033333,-105.233333
TTO,Municipal,45.8,-97.75
BYG,Municipal,44.35,-106.7
BUB,Municipal,41.783333,-99.133333
CAR,Municipal,46.866667,-68.016667
CGZ,Municipal,32.883333,-111.75
GHM,Municipal,35.783333,-87.466667
ENL,Municipal,38.516667,-89.091667
CCY,Municipal,43.066667,-92.666667
CHK,Municipal,35.033333,-97.966667
CNH,Municipal,43.366667,-72.366667
ICL,Municipal,40.733333,-95.033333
CLK,Municipal,43.6,-81.533333
CVN,Municipal,34.416667,-103.083333
CFV,Municipal,17.533333,-88.166667
CBK,Municipal,39.416667,-101.05
CUS,Municipal,31.833333,-107.633333
CBF,Municipal,41.266667,-95.866667
CSQ,Municipal,41.066667,-94.366667
CKN,Municipal,47.85,-96.616667
CRT,Municipal,33.133333,-91.966667
CUH,Municipal,35.983333,-96.766667
DNN,Municipal,34.716667,-84.866667
DAN,Municipal,36.566667,-79.35
DEH,Municipal,43.316667,-91.833333
DNS,Municipal,41.983333,-95.383333
DTL,Municipal,46.833333,-95.883333
DLG,Municipal,59.066667,-158.466667
DBN,Municipal,32.55,-82.983333
DBQ,Municipal,42.4,-90.716667
ETN,Municipal,32.416667,-98.8
EDE,Municipal,36.066667,-76.65
ELK,Municipal,35.4,-99.416667
EKI,Municipal,41.716667,-85.983333
ETS,Municipal,31.316667,-85.85
EST,Municipal,43.4,-94.833333
FBY,Municipal,40.133333,-97.183333
FFL,Municipal,40.933333,-91.95
FLX,Municipal,39.466667,-118.769444
FBL,Municipal,44.333333,-93.316667
FMN,Municipal,36.75,-108.233333
FAY,Municipal,35.0,-78.883333
FYM,Municipal,35.15,-86.583333
FIL,Municipal,38.966667,-112.333333
FXY,Municipal,43.266667,-93.65
FCY,Municipal,34.95,-90.766667
FMS,Municipal,40.65,-91.316667
FSK,Municipal,37.8,-94.766667
FKN,Municipal,36.683333,-76.916667
FDR,Municipal,34.35,-98.983333
FET,Municipal,41.433333,-96.5
FRH,Municipal,38.55,-86.616667
FUL,Municipal,33.866667,-117.966667
GAD,Municipal,33.966667,-86.083333
GLE,Municipal,45.4,2.9
GDM,Municipal,42.566667,-72.0
GLW,Municipal,37.033333,-85.95
GVE,Municipal,38.15,-78.166667
GTG,Municipal,45.783333,-92.683333
GRE,Municipal,38.883333,-89.416667
GCY,Municipal,36.183333,-82.816667
HNS,Municipal,59.25,-135.516667
HPT,Municipal,42.75,-93.2
HVS,Municipal,34.4,-80.116667
HYS,Municipal,38.85,-99.266667
HYR,Municipal,46.033333,-91.45
HUS,Municipal,66.033333,-154.233333
HBO,Municipal,40.166667,-95.95
HNB,Municipal,38.3,-86.95
IDG,Municipal,42.35,-95.466667
IRB,Municipal,30.9,-101.9
IJX,Municipal,39.766667,-90.233333
AFN,Municipal,42.8,-72.0
EFW,Municipal,42.016667,-94.383333
JOT,Municipal,41.533333,-88.083333
KLG,Municipal,61.533333,-160.366667
KNT,Municipal,36.233333,-90.05
ILE,Municipal,31.15,-97.716667
IRK,Municipal,40.1,-92.55
KDK,Municipal,57.8,-152.383333
LSE,Municipal,43.883333,-91.25
LCI,Municipal,43.566667,-71.416667
LCH,Municipal,30.116667,-93.216667
XES,Municipal,42.566667,-88.416667
HII,Municipal,34.568333,-114.355278
LAL,Municipal,28.083333,-81.95
LPO,Municipal,41.6,-86.716667
LRU,Municipal,32.3,-106.933333
LWV,Municipal,38.766667,-87.6
LAW,Municipal,34.566667,-98.416667
LRJ,Municipal,42.783333,-96.15
LWT,Municipal,47.05,-109.466667
LBL,Municipal,37.05,-100.966667
LIC,Municipal,39.266667,-103.683333
MQB,Municipal,40.45,-90.616667
AGO,Municipal,33.233333,-93.216667
MHK,Municipal,39.133333,-96.666667
MXA,Municipal,4.766667,-74.433333
MTW,Municipal,44.116667,-87.666667
MKT,Municipal,44.15,-93.983333
MRF,Municipal,30.233333,-103.866667
MNN,Municipal,40.616667,-83.066667
MIW,Municipal,42.116667,-92.916667
MFI,Municipal,44.6375,-90.188889
RRL,Municipal,-34.683333,149.216667
MLS,Municipal,46.433333,-105.883333
MHE,Municipal,43.766667,-98.033333
MOD,Municipal,37.625833,-120.954444
MLU,Municipal,32.5,-92.033333
MXO,Municipal,40.65,15.016667
MOX,Municipal,-16.166389,38.721944
MMU,Municipal,40.8,-74.416667
MOP,Municipal,43.616667,-84.733333
MPZ,Municipal,40.966667,-91.55
ENN,Municipal,64.55,-149.083333
RNH,Municipal,45.116667,-92.533333
TNU,Municipal,41.7,-93.05
OCE,Municipal,38.316667,-75.116667
OCN,Municipal,33.217222,-117.352778
OGD,Municipal,41.2,-112.016667
OLE,Municipal,42.233333,-78.366667
OMK,Municipal,48.4,-119.533333
ONL,Municipal,42.45,-98.65
ONH,Municipal,42.45,-75.116667
OGB,Municipal,33.45,-80.85
OEO,Municipal,45.316667,-92.7
OOA,Municipal,41.283333,-92.633333
PSP,Municipal,33.833333,-116.5
PAQ,Municipal,61.6,-149.116667
PGR,Municipal,36.05,-90.5
PRO,Municipal,18.6,-74.05
PTB,Municipal,37.183333,-77.516667
PTS,Municipal,37.45,-94.733333
POH,Municipal,42.75,-94.65
PCD,Municipal,43.016667,-91.116667
PQI,Municipal,46.683333,-68.05
UIN,Municipal,39.933333,-91.183333
RKW,Municipal,35.916667,-84.683333
RBG,Municipal,43.233333,-123.35
RUI,Municipal,33.416667,-105.583333
STC,Municipal,45.583333,-94.183333
SGU,Municipal,37.083333,-113.6
SDP,Municipal,55.316667,-160.516667
SBA,Municipal,33.426111,-119.840278
SNL,Municipal,35.316667,-96.916667
FHU,Municipal,31.588333,-110.344444
SGY,Municipal,59.483333,-135.3
SPW,Municipal,43.166667,-95.183333
SVH,Municipal,35.766667,-80.95
SLB,Municipal,42.6,-95.233333
SUM,Municipal,33.9,-80.116667
TVI,Municipal,51.566667,8.133333
TOR,Municipal,51.8,-1.6
TOI,Municipal,54.912778,70.348056
TCS,Municipal,50.033333,7.433333
VDZ,Municipal,61.133333,-146.233333
VRB,Municipal,27.65,-80.416667
VDI,Municipal,32.216667,-82.4
ACT,Municipal,31.616667,-97.233333
RBW,Municipal,32.9,-80.666667
UKN,Municipal,43.266667,-91.483333
AUW,Municipal,44.766667,-89.680556
EBS,Municipal,42.466667,-93.8
ELZ,Municipal,42.116667,-77.933333
AWM,Municipal,35.133333,-90.183333
BRG,Municipal,37.116667,-82.816667
WGO,Municipal,39.183333,-78.166667
ONA,Municipal,50.3,-1.333333
FYV,Municipal,36.0,-94.166667
AUZ,Municipal Airport,41.766667,-88.316667
FNL,Municipal Airport,40.583333,-105.083333
JMN,Municipal Heliport,44.168889,-93.995
JRC,Municipal Heliport,49.916667,-0.966667
JSK,Municipal Heliport,18.766667,-72.066667
MML,Municipal-Ryan Field,44.444167,-95.82
FWA,Municipal/Baer Field,41.116667,-85.116667
RDG,Municipal/Spaatz Fld,40.383333,-75.966667
EKA,Murray Field,40.803333,-124.112778
MUT,Muscatine,41.363889,-91.144722
MKG,Muskegon,43.166667,-86.233333
MUV,Mustin Alf,29.483333,31.066667
MYR,Myrtle Beach Afb,33.7,-78.966667
ZHC,N Philadelphia Rail St,29.483333,31.066667
NEL,Naec,36.833333,49.4
DGN,NAF,77.533333,15.35
NNK,Naknek,58.75,-156.533333
NOL,Nakolik River,50.483333,21.45
ACK,Nantucket Memorial,41.266667,-70.066667
KEB,Nanwalek,59.366667,-151.916667
APC,Napa County,38.45,-122.216667
WNA,Napakiak SPB,60.7,-162.116667
APF,Naples,26.15,-81.766667
NGZ,NAS,49.266667,-1.283333
NHZ,NAS,50.933333,5.95
NFL,NAS,47.5,6.483333
NBU,NAS,-32.683333,151.633333
NRS,NAS,46.216667,26.1
NQI,NAS,51.366667,-0.283333
NTU,NAS,-41.933333,145.35
NGU,Nas Chambers,36.937778,-76.289444
NBG,NAS/Alvin Callendar,7.435556,123.415
BNA,Nashville International,36.124444,-86.678056
RLA,National,38.133333,-91.783333
GCN,National Park,35.95,-112.15
CPR,Natrona County International Airport,42.908056,-106.464444
NKI,Naukiti,55.855556,-133.183333
IDI,ndiana County Airport,40.632222,-79.105556000000007
EED,Needles,34.85,-114.616667
AXV,Neil Armstrong,40.566667,-84.183333
LSV,Nellis AFB,36.236111,-115.034167
NLG,Nelson Lagoon,56.016667,-161.15
EOS,Neosho,36.866667,-94.366667
NPH,Nephi,39.738889,-111.870833
NVD,Nevada,37.85,-94.3
EWB,New Bedford,41.683333,-70.966667
ZRZ,New Carrolton RR,49.0,-72.5
JCI,New Century Aircenter Airport,38.830833,-94.890278
NCN,New Chenega,60.001111,-148.008333
HVN,New Haven,41.266667,-72.883333
ZVE,New Haven Rail,6.083333,-58.133333
KGK,New Koliganek,59.783333,-157.333333
GON,New London,41.333333,-72.05
ZGD,New London Rail,-8.735278,125.352222
PSK,New River Valley,37.116667,-80.683333
KNW,New Stuyahok,59.533333,-157.333333
ULM,New Ulm,44.316667,-94.5
EWR,Newark Liberty International,40.6925,-74.168611
ONP,Newport,44.583333,-124.05
EFK,Newport,44.883333,-72.233333
ZWW,Newport News Rail,52.166667,-2.016667
PHF,Newport News/williamsb,37.133333,-76.5
WWT,Newtok,60.933333,-164.633333
LWS,Nez Perce County Rgnl,46.383333,-117.033333
NIE,Niblack,55.066667,-132.15
NKV,Nichen Cove,55.849722,-133.227778
NME,Nightmute,60.483333,-164.0
NIB,Nikolai,63.016667,-154.383333
IKO,Nikolski AFS,52.95,-168.866667
NIN,Ninilchik,60.05,-151.666667
WTK,Noatak,67.583333,-163.0
ARV,Noble F. Lee,45.916667,-89.733333
OME,Nome,64.516667,-165.433333
NNL,Nondalton,60.0,-154.816667
ORF,Norfolk International Airport,36.9,-76.2
VGT,North Air Terminal,36.216667,-115.2
OTH,North Bend,43.416667,-124.25
SFZ,North Central,41.920833,-71.491389
WPO,North Fork Valley,38.866667,-107.6
NZY,North Island Nas,32.699167,-117.215278
JNH,North Park Inn H/P,7.716667,40.916667
HWO,North Perry,26.001389,-80.240556
PNE,North Philadelphia,40.083333,-75.016667
NGC,North Rim,36.183333,-112.133333
UMB,North Shore,53.366667,-167.9
ORT,Northway,62.95,-141.95
XNA,Northwest Arkansas Regional,36.281667,-94.306667
SBD,Norton Afb,34.095278,-117.235
NOT,Novato,38.1,-122.566667
NRB,Ns,17.65,120.583333
NUI,Nuiqsut,70.216667,-150.916667
NUL,Nulato,64.733333,-158.1
NUP,Nunapitchuk,60.883333,-162.466667
ZNC,Nyac,60.983333,-159.983333
ODW,Oak Harbor,48.283333,-122.616667
OAK,Oakland International Airport,37.716667,-122.216667
OBT,Oakland/Coliseum Stat,17.916667,-142.05
OCA,Ocean Reef,25.366667,-80.266667
OCI,Oceanic,60.1,-148.216667
CEU,Oconee County,34.666667,-82.883333
XZU,Off line Point,37.716667,28.966667
OGS,Ogdensburg,44.683333,-75.466667
HLG,Ohio County,16.196389,122.103611
OSU,Ohio State University,40.066667,-83.066667
ATO,Ohio University,39.333333,-82.1
OKM,Okmulgee,35.616667,-95.966667
OLH,Old Harbor SPB,57.2,-153.316667
OLD,Old Town,44.95,-68.666667
NEN,Olf Usn,30.333333,-81.883333
KOY,Olga Bay SPB,57.15,-154.233333
OLV,Olive Branch Arpt,34.966667,-89.833333
ONY,Olney,33.366667,-98.75
OLY,Olney-Noble,38.716667,-88.083333
OLM,Olympia,46.966667,-122.9
OEA,Oneal,38.666667,-87.516667
RHI,Oneida County,45.633333,-89.45
UCA,Oneida County,43.15,-75.383333
ONN,Onion Bay,58.233333,-152.833333
ONT,Ontario International,34.056111,-117.601111
ONO,Ontario Municipal Airport,44.020556,-117.013611
OPF,Opa Locka,25.906944,-80.278333
MGJ,Orange County,41.51,-74.264722
ANA,Orange County Steel Salvage Heliport,33.848333,-117.850278
ESD,Orcas Island,48.716667,-122.816667
ORL,Orlando Executive,28.533333,-81.35
MCO,Orlando International,28.429444,-81.308889
SFB,Orlando Sanford Intl,28.783333,-81.25
OVE,Oroville,39.483333,-121.633333
OSB,Osage Beach,38.15,-92.616667
OKS,Oshkosh,41.4,-102.333333
FMH,Otis AFB,41.566667,-70.633333
GLR,Otsego County,45.016667,-84.7
ATW,Outagamie County,44.266667,-88.516667
CKV,Outlaw Field,36.621944,-87.415
KOZ,Ouzinkie SPB,57.916667,-152.483333
OWA,Owatonna,44.116667,-93.25
CUB,Owens Field,-10.75,-67.866667
SZP,Oxnard,34.347222,-119.061111
OZA,Ozona Municipal,30.735278,-101.202778
PFC,Pacific City State,45.199722,-123.962222
PBK,Pack Creek,-34.2,150.616667
PFA,Paf Warren,58.681389,-156.8375
PGA,Page,36.933333,-111.45
FMY,Page Field,26.583333,-81.866667
PCE,Painter Creek,47.8,10.216667
PWK,Pal-Waukee,42.0,-87.966667
PSX,Palacios,28.7,-96.216667
PSN,Palestine Municipal Airport,31.779722,-95.706389
PHK,Palm Beach Co Glades,26.816667,-80.65
LNA,Palm Beach County Park,26.593056,-80.085
PBI,Palm Beach International,26.683056,-80.095556
PAO,Palo Alto,37.466667,-122.116667
EAT,Pangborn Field,47.4,-120.2
PNU,Panguitch,37.833333,-112.383333
ZRF,Park & Ride Bus Svc,-32.85,24.166667
PKF,Park Falls,45.933333,-90.433333
PKD,Park Rapids,46.9,-95.066667
HLM,Park Township,42.783333,-86.116667
WEA,Parker County,32.75,-97.783333
KPK,Parks SPB,57.416667,-155.9
NWH,Parlin Field,43.333333,-72.166667
PRB,Paso Robles,35.666667,-120.633333
FFO,Patterson Afb,39.826111,-84.048333
NHK,Patuxent River NAS,38.286111,-76.411667
KPH,Pauloff Harbor SPB,54.466667,-162.7
PJB,Payson,34.261111,-111.341667
PGS,Peach Springs,35.533333,-113.416667
PCU,Pearl River County,30.516667,-89.705556
PSM,Pease International,43.078056,-70.823333
CTO,Peconic River,40.916667,-72.75
PEQ,Pecos City,31.4,-103.516667
FST,Pecos County,30.916667,-102.916667
PDB,Pedro Bay,59.783333,-154.116667
PEC,Pelican SPB,57.95,-136.233333
PDT,Pendleton,45.7,-118.833333
SEG,Penn Valley,40.783333,-76.85
ZRP,Pennsylvania Railroad Station,40.733333,-74.166667
JPN,Pentagon Army,49.0,-72.5
JAJ,Perimeter Mall,9.716667,-82.983333
PPA,Perry Lefors Field,35.533333,-100.95
PYL,Perry SPB,60.683333,-147.916667
FPY,Perry-Foley,30.116667,-83.583333
KPV,Perryville SPB,55.9,-159.133333
PSG,Petersburg James A Johnson,56.8,-132.983333
MPJ,Petit Jean Park,-16.166389,38.721944
EAN,Phifer Field,42.058333,-104.919444
PHL,Philadelphia International,39.871944,-75.241111
PHP,Philip,44.033333,-101.65
TOP,Philip Billard,-13.35,32.766667
APG,Phillips AAF,52.316667,-1.283333
PII,Phillips Field,64.85,-147.783333
DVT,Phoenix Deer Valley Airport,33.688333,-112.0825
LQK,Pickens,34.816667,-82.7
GSO,Piedmont Triad Intl,36.097778,-79.937222
NWS,Pier 11/Wall St. SPB,5.5,-70.483333
PIR,Pierre,44.383333,-100.283333
MCB,Pike County,31.15,-90.433333
PIP,Pilot Point,57.580278,-157.571944
PQS,Pilot Station,61.933333,-162.883333
DUF,Pine Island Airport,36.253611,-75.788611
XPR,Pine Ridge,43.016667,-102.516667
SOP,Pinehurst-S. Pines,35.215278,-79.588333
PGV,Pitt-Greenville,35.633333,-77.4
PIT,Pittsburgh International,40.491389,-80.232778
PSF,Pittsfield,42.433333,-73.3
PVF,Placerville,38.716667,-120.8
PTU,Platinum,59.016667,-161.816667
PBG,Plattsburgh International,44.650833,-73.468056
PTR,Pleasant Harbour,57.833333,-153.25
PLY,Plymouth,41.366667,-86.3
PYM,Plymouth,41.966667,-70.683333
PIH,Pocatello,42.916667,-112.583333
KPB,Point Baker SPB,56.366667,-133.616667
PBA,Point Barrow,71.333333,-156.633333
PHO,Point Hope,68.35,-166.8
NTD,Point Mugu NAS,34.120278,-119.121111
PXL,Polacca,35.833333,-110.383333
POE,Polk AAF,31.033333,-93.183333
POQ,Polk Inlet,55.35,-132.5
PPM,Pompano Beach,26.233333,-80.127778
PNC,Ponca City,36.733333,-97.1
PTK,Pontiac,42.666667,-83.4
POB,Pope AFB,35.170833,-79.014444
GFD,Pope Field,6.716667,-57.95
PVY,Pope Vanoy,59.316667,-154.916667
PCK,Porcupine Creek,67.25,-150.283333
PTD,Port Alexander,56.25,-134.65
PTC,Port Alice,55.791667,-133.6
PAK,Port Allen,21.916667,-159.583333
PTA,Port Alsworth,60.2,-154.333333
PTL,Port Armstrong,56.297222,-134.6625
KPY,Port Bailey SPB,57.93,-153.040556
KPC,Port Clarence,65.25,-166.85
CMH,Port Columbus Intl,40.0,-82.883333
PFD,Port Frederick,57.95,-135.65
PGM,Port Graham,59.35,-151.833333
PTH,Port Heiden,56.966667,-158.633333
PRF,Port Johnson,55.122222,-132.05
KYL,Port Largo,25.083333,-80.4
ORI,Port Lions SPB,57.883333,-152.85
PRL,Port Oceanic,60.208333,-147.819444
PPV,Port Protection,56.333333,-133.666667
PJS,Port San Juan,60.05,-148.066667
TWD,Port Townsend,48.116667,-122.766667
PWR,Port Walter,56.383333,-134.65
KPR,Port Williams SPB,58.483333,-152.583333
PCA,Portage Creek,60.833333,-150.0
VPZ,Porter County,41.45,-86.983333
PTV,Porterville,36.033333,-119.066667
HIO,Portland,45.516667,-122.983333
PDX,Portland International,45.588611,-122.5975
PTW,Pottstown/Limerick,40.233333,-75.65
PUL,Poulsbo,47.733333,-122.65
POY,Powell,44.866667,-108.8
PTT,Pratt,37.7,-98.75
PRW,Prentice,45.55,-90.283333
PRC,Prescott,34.65,-112.416667
LYH,Preston-Glenn Field,37.333333,-79.2
PNN,Princeton,45.202778,-67.566667
PCT,Princeton,40.35,-74.666667
BLF,Princeton,37.3,-81.2
ZTJ,Princeton JT Rail,48.416667,-53.6
HPV,Princeville,22.2125,-159.446667
PRZ,Prineville,44.3,-120.85
PPC,Prospect Creek,66.8,-150.633333
ZRV,Providence Rail,4.616667,-54.4
PVC,Provincetown,42.066667,-70.216667
PVU,Provo,40.233333,-111.716667
PUO,Prudhoe Bay,54.95,-1.85
SCC,Prudhoe Bay/Deadhorse,70.333333,-148.333333
BCT,Public,26.366667,-80.116667
SMX,Public,34.9,-120.45
SME,Pulaski County,37.083333,-84.6
FLG,Pulliam Field,35.133333,-111.683333
PUW,Pullman-Moscow Regional Airport,46.75,-117.116667
LAF,Purdue University,40.416667,-86.933333
MLI,Quad-City,41.45,-90.516667
NYG,Quantico Nas,38.503611,-77.305
JLA,Quartz Creek,60.483333,-149.85
RZH,Quartz Hill,34.666667,-118.0
UQE,Queen,58.883333,-158.5
UIL,Quillayute State,47.95,-124.566667
MQI,Quincy,42.25,-71.0
HSB,Raleigh,37.733333,-88.55
RDU,Raleigh-durham International Airport,35.877778,-78.7875
TAL,Ralph Calhoun,-9.266667,161.083333
RMP,Rampart,65.5,-150.15
RND,Randolph AFB,6.233333,-76.733333
RNG,Rangely,40.094722,-108.760556
RGR,Ranger Municipal,32.466667,-98.683333
RSP,Raspberry Strait,58.166667,-154.833333
RWL,Rawlins,41.8,-107.2
RBL,Red Bluff Fss,40.15,-122.25
RDV,Red Devil,61.833333,-157.333333
RBD,Redbird,7.716667,40.916667
RDD,Redding,40.5,-122.3
RWF,Redwood Falls Muni,44.533333,-95.116667
REE,Reese AFB,-18.55,126.75
DAB,Regional,29.183333,-81.05
FAM,Regional,37.673333,-90.233889
FSM,Regional,35.333333,-94.366667
PNS,Regional,30.466667,-87.183333
RAP,Regional,44.033333,-103.05
SHV,Regional,32.45,-93.816667
TVF,Regional,52.883333,-0.3
VLD,Regional,30.783333,-83.283333
HIE,Regional,44.366667,-71.55
REH,Rehoboth Beach,38.716667,-75.133333
RHV,Reid-hillview,22.916667,-80.883333
GLD,Renner Field,39.366667,-101.7
RNO,Reno-Tahoe International,39.499167,-119.768056
RNZ,Rensselaer,40.95,-87.15
RNT,Renton,47.493056,-122.215833
EHT,Rentschler,41.766667,-72.65
MHS,Rep,41.316667,-122.316667
FRG,Republic Field,40.733333,-73.416667
RIF,Reynolds,38.75,-112.1
JXN,Reynolds Municipal,42.266667,-84.466667
RIE,Rice Lake,45.5,-91.733333
RMG,Richard B Russell,34.35,-85.166667
SUW,Richard I Bong Arpt,46.733333,-92.166667
MSS,Richards Field,44.933333,-74.85
GVW,Richards-Gebaur,38.883333,-94.533333
RLD,Richland,46.3,-119.3
SDY,Richland Municipal,47.716667,-104.183333
RIC,Richmond International Airport,37.5,-77.316667
RID,Richmond Municipal Airport,39.757222,-84.842778
ZRD,Richmond VA Rail,48.166667,-65.833333
AMA,Rick Husband Amarillo International,35.226389,-101.705833
LCK,Rickenbacker,40.002778,-82.883333
BDF,Rinkenberger,41.183333,-89.65
RIR,Riverside Fla-Bob,-29.666667,30.016667
RAL,Riverside Municipal,33.95,-117.433333
RIW,Riverton Regional,43.064167,-108.459722
ROA,Roanoke Regional Airport,37.316667,-79.983333
WVL,Robert Lafleur,44.533333,-69.666667
RKR,Robert S Kerr,35.05,-94.616667
SYL,Roberts AAF,80.0,-75.866667
RDM,Roberts Field,44.25,-121.15
WRB,Robins AFB,50.033333,4.2
RCE,Roche Harbor,48.616667,-123.116667
ZTE,Rochester NY Rail,49.916667,-0.966667
JVL,Rock County,42.616667,-89.033333
RKH,Rock Hill,34.933333,-81.016667
RWI,Rocky Mount-wilson,35.856389,-77.891944
ROG,Rogers,36.333333,-94.116667
MFR,Rogue Valley International - Medford Airport,42.366667,-122.866667
VIH,Rolla National,38.316667,-90.833333
RFK,Rollang Field,32.966667,-90.833333
DCA,Ronald Reagan Washington National Airport,38.851944,-77.037778
RFG,Rooke Field,-41.066667,-72.466667
ROL,Roosevelt,40.3,-109.983333
RSJ,Rosario SPB,48.633333,-122.85
CRX,Roscoe Turner,34.9,-88.6
HTL,Roscommon County,52.333333,-1.716667
STJ,Rosecrans Memorial,39.766667,-94.916667
BEH,Ross Field,42.133333,-86.433333
RTD,Rotunda,26.866667,-82.266667
RPX,Roundup,46.433333,-108.533333
RSX,Rouses Point,44.984722,-73.352222
RWB,Rowan Bay,56.75,-134.133333
SRW,Rowan County,35.633333,-80.516667
MIF,Roy Hurd Memorial,31.6,-102.9
RBY,Ruby,64.733333,-155.483333
BYI,Rupert,42.533333,-113.766667
RSL,Russell,38.883333,-98.85
RSH,Russian SPB,61.783333,-161.333333
RSN,Ruston,32.516667,-92.616667
RUT,Rutland,43.533333,-72.95
BTR,Ryan,30.533333,-91.15
HMT,Ryan Field,33.75,-116.966667
SMF,Sacramento International,38.7,-121.616667
MHR,Sacramento Mather Airport,38.555278,-121.297222
SAD,Safford,32.85,-109.633333
SGW,Saginaw Bay,56.866667,-134.15
SAG,Sagwon,69.366667,-148.7
KSM,Saint Marys,62.05,-163.183333
SNP,Saint Paul Island,57.166667,-170.216667
SLT,Salida,38.55,-106.033333
SLN,Salina,38.816667,-97.566667
SBO,Salina,39.029167,-111.8375
SNS,Salinas,36.666667,-121.616667
SMN,Salmon,45.183333,-113.916667
SLC,Salt Lake City International,40.788333,-111.966667
BTF,Salt Lake Skypark,40.883333,-111.883333
SAS,Salton City,33.316667,-115.983333
CTZ,Sampson County,35.0,-78.333333
BRY,Samuels Field,37.816667,-85.466667
SAT,San Antonio International,29.533333,-98.466667
SQL,San Carlos,37.483333,-122.25
SAN,San Diego International Airport,32.733333,-117.183333
SFO,San Francisco International,37.618889,-122.375
MXC,San Juan County,37.866667,-109.35
WSJ,San Juan SPB,57.733333,-153.3
SBP,San Luis County Regional Airport,35.236944,-120.641944
JSG,San Rafael H/P,8.45,-73.916667
SHN,Sanderson Field,47.241667,-123.133333
SFM,Sanford,43.383333,-70.7
SZN,Santa Cruz Island,-0.883333,-72.5
SAF,Santa Fe,35.616667,-106.083333
SMO,Santa Monica,34.015833,-118.45
SQA,Santa Ynez,13.816667,39.2
SRQ,Sarasota-Bradenton International Airport,27.395556,-82.554444
WSF,Sarichef,31.1,-1.383333
SAV,Savannah/Hilton Head,32.133333,-81.2
SVA,Savoonga,62.7,-170.466667
MQT,Sawyer International,46.533333,-87.566667
SCH,Schenectady County,42.8525,-73.928889
ZTD,Schenectady Rail,50.35,21.383333
SUC,Schloredt,44.4,-104.366667
GLS,Scholes Field,29.266667,-94.866667
BFF,Scotts Bluff County,41.866667,-103.6
SCF,Scottsdale Municipal,33.5,-111.933333
BVD,Sea Port,53.733333,-166.316667
SYB,Seal Bay,58.166667,-152.5
SRC,Searcy,35.25,-91.733333
SWO,Searcy Fld,36.166667,-97.083333
OGA,Searle Field,41.133333,-101.716667
SEA,Seattle-Tacoma International,47.448889,-122.309444
SEF,Sebring Regional Airport,27.456389,-81.3425
DMO,Sedalia,38.833333,-93.416667
SDX,Sedona,34.866667,-111.766667
WLK,Selawik,66.6,-159.983333
SOV,Seldovia,59.45,-151.7
SES,Selfield,32.45,-86.95
GUP,Senator Clark,35.516667,-108.783333
SQV,Sequim Valley Arpt,48.083333,-123.1
SWD,Seward,60.133333,-149.416667
SHX,Shageluk,62.633333,-159.583333
SKK,Shaktoolik,64.383333,-161.1
NRI,Shangri-la,36.566667,-94.85
LRO,Sharpe AAF,36.702778,26.955
TGE,Sharpe Field,46.966667,17.083333
SSC,Shaw AFB,53.283333,10.9
SMU,Sheep Mountain,61.8,-147.666667
MSL,Sheffield,34.75,-87.616667
SBX,Shelby,48.533333,-111.866667
SXP,Sheldon SPB,62.533333,-164.833333
SYA,Shemya AFB,52.716667,174.1
SHD,Shenandoah Valley,38.266667,-78.9
SPS,Sheppard AFB,33.983333,-98.516667
SHR,Sheridan,44.766667,-106.966667
CSM,Sherman,35.516667,-98.983333
FLV,Sherman AAF,19.833333,-72.5
PWD,Sherwood,48.766667,-104.55
SHH,Shishmaref,66.25,-166.05
SAA,Shively Field,41.45,-106.8
HCB,Shoal Cove,55.458333,-131.283333
SOW,Show Low,34.265556,-110.005556
DTN,Shreveport Downtown,32.540278,-93.745
SHG,Shungnak,66.883333,-157.05
SNY,Sidney,41.1,-102.983333
SXY,Sidney,42.316667,-75.4
JSD,Sikorsky Heliport,41.249167,-73.096667
FBG,Simmons AAF,19.833333,-72.5
EWN,Simmons Nott,35.066667,-77.05
SUX,Sioux Gateway,42.4,-96.383333
SIY,Siskiyou County,41.781389,-122.466389
SIT,Sitka,57.066667,-135.35
SKJ,Sitkinak Cgs,56.533333,-154.133333
MVW,Skagit Regional,48.416667,-122.333333
PHX,Sky Harbor Intl,33.433333,-112.033333
SRU,Skypark,2.166667,-76.1
SLQ,Sleetmute,61.7,-157.116667
ISN,Sloulin Field Intl,48.183333,-103.65
MAC,Smart,50.033333,4.2
SCJ,Smith Cove,55.4375,-132.341667
SMD,Smith Field,41.143333,-85.152778
SLG,Smith Field,36.183333,-94.533333
INT,Smith-Reynolds,36.133333,-80.219444
MQY,Smyrna,35.983333,-86.516667
PAE,Snohomish County,47.919444,-122.283611
ONM,Socorro,34.05,-106.883333
SXQ,Soldotna,60.483333,-151.066667
SOL,Solomon,64.583333,-164.3
STS,Sonoma County,38.516667,-122.8
SBN,South Bend Regional,41.7,-86.316667
GEY,South Big Horn County,44.516667,-108.083333
TVL,South Lake Tahoe,38.883333,-120.0
WSN,South Naknek,58.7,-157.0
BRO,South Padre Is. Intl,25.916667,-97.416667
NZW,South Weymouth,42.166667,-70.95
VCV,Southern California Logistics,34.5975,-117.383056
MDH,Southern Illinois,37.783333,-89.25
BCS,Southern Seaplane,30.05,-90.233333
RSW,Southwest Florida Reg,26.542222,-81.755278
SVW,Sparrevohn AFS,61.083333,-155.566667
SAR,Sparta Community,38.116667,-89.7
SPA,"Spartanburg, Downtown Memorial",34.915833,-81.956389
KKI,Spb,60.916667,-161.433333
KCN,SPB,53.416667,-167.55
EXI,SPB,58.416667,-135.433333
FNR,SPB,58.233333,-134.916667
HWI,SPB,58.116667,-134.733333
HYL,SPB,55.483333,-132.65
HYG,SPB,55.2,-132.833333
WHD,SPB,55.916667,-130.016667
KIB,SPB,55.9,-159.483333
KAE,SPB,56.966667,-133.95
KKB,SPB,58.183333,-152.35
MTM,SPB,55.133333,-131.583333
WMK,SPB,55.733333,-132.2
MPB,SPB,25.775,-80.175
PKA,SPB,60.7,-161.7
PMU,SPB,61.966667,-160.233333
PSQ,SPB,29.483333,31.066667
SCM,SPB,61.866667,-165.583333
WSB,SPB,55.55,-133.633333
KTH,SPB,27.666667,88.516667
WYB,SPB,55.916667,-131.8
RTL,Spirit Lake,43.416667,-95.1
SUS,Spirit Of St Louis,38.662222,-90.651944
OIL,Splane Memorial,41.434444,-79.830833
GEG,Spokane International,47.619722,-117.533889
SPZ,Springdale Muni,36.183333,-94.133333
SGH,Springfield,44.633333,-64.85
ZSF,Springfield MA RR,44.633333,-64.85
SGF,Springfield-Branson Rg,37.25,-93.383333
UST,St Augustine,29.95,-81.333333
PLR,St Clair County,33.583333,-86.283333
PHN,St Clair County Intl,42.9,-82.533333
STG,St George Island,56.6,-169.533333
SJN,St Johns,34.518889,-109.3775
OPL,St Landry Parish,30.55,-92.1
FPR,St Lucie County,27.483333,-80.366667
XSM,St Marys,38.283333,-76.633333
LTW,St Marys County,38.283333,-77.633333
SMK,St Michael,63.483333,-162.016667
CPS,St. Louis Downtown Airport,38.570833,-90.156111
PIE,St. Petersburg-Clearwater International,27.910556,-82.6875
ISO,Stallings Field,35.333333,-77.616667
ZTF,Stamford Rail STN,21.65,-72.466667
BDY,State,43.116667,-124.416667
CHZ,State,42.583333,-121.866667
ESW,State,47.233333,-121.183333
GOL,State,42.416667,-124.416667
HES,State,45.85,-119.283333
NPT,State,41.6,-71.416667
REO,State,42.590556,-117.867222
SCB,State,41.666667,-96.65
VSF,State,43.333333,-72.516667
TBR,Statesboro-Bulloch County Airport,32.482778,-81.736944
SBS,Steamboat Springs,40.516667,-106.866667
WBB,Stebbins,63.5,-162.266667
JSL,Steel Pier Hlpt,39.360556,-74.420833
OFK,Stefan Field,41.983333,-97.433333
SLJ,Stellar Air Park,33.319444,-111.9
BKD,Stephens County,32.75,-98.9
STE,Stevens Point,41.433333,20.166667
SVS,Stevens Village,66.033333,-149.1
SWF,Stewart,41.5,-74.016667
SSF,Stinson Municipal,6.233333,-76.733333
SCK,Stockton Metropolitan Airport,37.9,-121.25
VLO,Stolport,38.116667,-122.233333
SRV,Stony River,61.783333,-156.583333
SUD,Stroud,35.733333,-96.65
SSW,Stuart Island,48.7,-123.2
SGT,Stuttgart Municipal,34.599444,-91.575
FOK,Suffolk County,40.833333,-72.616667
SGR,Sugar Land Regional,29.622222,-95.656667
MSV,Sullivan County Intl,41.616667,-74.7
SLR,Sulphur Springs,33.133333,-95.6
UMM,Summit,63.333333,-149.133333
SUO,Sun River,-0.533333,-88.55
SUN,Sun Valley,43.5,-114.316667
SVE,Susanville,40.4,-120.65
GED,Sussex County,38.683333,-75.366667
SWW,Sweetwater,32.466667,-100.466667
RKS,Sweetwater County,41.6,-109.066667
SYV,Sylvester,31.516667,-83.833333
SYR,Syracuse Hancock International Airport,43.116667,-76.116667
PVD,T. F. Green Airport,41.733333,-71.433333
HNE,Tahneta Pass,35.742778,52.508611
TCT,Takotna,65.983333,-18.55
TKL,Taku SPB,59.783333,-1.25
TKA,Talkeetna,62.320556,150.093611
ASN,Talladega,38.6,-0.683333
TLH,Tallahassee Regional Airport,30.396389,-84.350278
TMB,Tamiami,10.016667,-73.65
TPA,Tampa International,27.975556,-82.533056
TPO,Tanalian Point,3.711944,-75.469444
TLJ,Tatalina AFS,-4.716667,-79.55
TEK,Tatitlek,41.633333,24.95
TWE,Taylor,56.15,-1.666667
TYZ,Taylor,56.15,-1.666667
OCF,Taylor Field,29.166667,-82.216667
JAE,Technology Park,9.716667,-82.983333
ANC,Ted Stevens Anchorage International Airport,61.174444,-149.996389
MQW,Telfair-Wheeler,17.366667,-88.766667
TLA,Teller,65.240278,-166.339444
TEX,Telluride,42.095278,8.709722
TKE,Tenakee SPB,43.286389,18.933056
HUM,Terrebonne,29.583333,-90.666667
TRL,Terrell Field,-21.8,121.033333
XSD,Test Range,62.2,34.283333
TEB,Teterboro,40.85,-74.060833
TEH,Tetlin,36.766667,49.5
JOR,The City Heliport,33.791667,-117.875
HBG,The Hattiesburg-Bobby L. Chain Mun.,19.233333,-72.233333
TRM,Thermal,46.591111,13.825556
ALX,Thomas C Russell Fld,32.933333,-85.95
HEE,Thompson-Robbins,34.583333,-90.666667
THM,Thompsonfield,50.233333,-1.566667
KTB,Thorne Bay,-36.777778,174.776944
TNC,Tin City Afs,65.563056,-167.921667
TIK,Tinker AFB,35.414722,-97.386667
FME,Tipton AAF,19.833333,-72.5
TOC,Toccoa,42.216667,13.9
GFB,Togiak Fish,-0.333333,122.0
TOG,Togiak Village,-0.333333,122.0
TKJ,Tok,53.333333,6.35
TDZ,Toledo,6.533333,-75.783333
TOL,Toledo Express,41.586944,-83.807778
ITH,Tompkins County,42.483333,-76.466667
TPH,Tonopah Arpt,38.06,-117.086944
KYO,Topp Of Tampa,54.433333,23.65
TOA,Torrance Airport,33.805,-118.343889
TDW,Tradewind,35.166667,-101.833333
SUU,Travis AFB,5.816667,-54.816667
TRT,Tremonton,-7.8,-38.283333
TTN,Trenton Mercer Airport,40.276667,-74.813333
ZTN,Trenton Rail STN,29.483333,31.066667
LNR,Tri County,43.183333,-90.2
PSC,Tri-cities,46.264722,-119.119167
TRI,Tri-cities Regional,36.475278,-82.4075
PPF,Tri-City,37.333333,-95.5
SBT,Tri-City,34.1,-117.266667
ANQ,Tri-State Steuben Cty,41.633333,-85.0
HTS,Tri-State/Milton,38.35,-82.533333
TRH,Trona,35.8125,-117.327222
TTD,Troutdale,54.083333,-1.166667
TKF,Truckee-Tahoe,39.32,-120.139444
CNW,TSTC Waco Airport,31.637778,-97.074167
TBC,Tuba City,13.466667,-14.2
TUS,Tucson International Airport,32.116111,-110.941111
TCC,Tucumcari,-5.6,-42.65
THA,Tullahoma/William Northern Field,35.38,-86.246389
TUL,Tulsa International,36.198333,-95.888056
TLT,Tuluksak,37.966667,39.533333
WTL,Tuntutuliak,13.45,-15.8
TNK,Tununak,72.033333,-80.916667
TNP,Twentynine Palms,52.116667,7.4
TWA,Twin Hills,46.266667,-1.85
TWH,Two Harbors,41.633333,-120.05
TYR,Tyler Pounds Regional Airport,32.354167,-95.4025
PAM,Tyndall AFB,30.07,-85.576389
UGI,Uganik,57.883333,-153.5
UGB,Ugashik Bay,57.433333,-157.75
UKI,Ukiah,39.126667,-123.2
UMT,Umiat,69.366667,-152.133333
UNS,Umnak,26.8,98.083333
UNK,Unalakleet,63.883333,-160.783333
CMI,University Of Illinois Willard,40.033333,-88.283333
SCE,University Park,40.772222,-77.883333
UOX,University-Oxford,34.383333,-89.533333
UPP,Upolu Point,20.266667,-155.85
UKT,Upper Bucks,40.433333,-75.333333
JLH,US Army Heliport,-6.3,155.833333
AFF,USAF Academy Airstrip,38.969722,-104.813056
WWS,USAF Heliport,53.616667,-1.25
NDV,USN Heliport,12.15,36.366667
ZUA,Utica NNY Rail,37.066667,10.066667
HRL,Valley International,26.2,-97.75
TCL,Van De Graaf,33.220556,-87.611389
VNY,Van Nuys,34.209722,-118.49
QKB,Van Service,-28.833333,22.616667
QCE,Van Service,49.3,-1.5
QWP,Van Service,11.033333,3.65
END,Vance Afb,36.339167,-97.916389
VLA,Vandalia,38.95,-89.083333
ZRK,VanGalder Bus Termina,-32.85,24.166667
VEE,Venetie,67.016667,-146.416667
VNC,Venice Municipal,27.071667,-82.440278
OXR,Ventura,34.2,-119.2
DNV,Vermilion County,40.199722,-87.595556
VEL,Vernal,40.45,-109.516667
VRS,Versailles,38.434722,-92.816667
VCB,View Cove,55.080556,-133.016667
KWP,Village SPB,57.766667,-153.55
BFR,Virgil I Grissom Muni,38.85,-86.483333
VJI,Virginia Highlands,-0.616667,-90.883333
BCB,Virginia Tech,37.233333,-80.416667
VIS,Visalia,36.316667,-119.4
VOK,Volk Field,43.916667,-90.266667
OTO,Vor,35.072222,-105.935556
LHV,W T Piper Memorial,41.133333,-77.45
WAH,Wahpeton,46.266667,-96.6
WKL,Waikoloa Airport,19.916667,-155.866667
AIN,Wainwright,70.633333,-160.033333
WAA,Wales,65.666667,-168.083333
GJT,Walker Field,39.116667,-108.516667
ALW,Walla Walla,46.1,-118.3
WAL,Wallops Flight Center,37.933333,-75.383333
ARG,Walnut Ridge,36.116667,-90.916667
DWS,Walt Disney World,28.400278,-82.438333
GBR,Walter J. Koladza Airport,42.184167,-73.403333
WLM,Waltham,42.385278,-71.251389
UWA,Ware,42.25,-72.233333
AYS,Ware County,31.25,-82.4
BNF,Warm Spring Bay SPB,57.083333,-134.816667
FEW,Warren AFB,32.9875,65.124167
BWG,Warren County,36.966667,-86.416667
GFL,Warren County,43.35,-73.616667
RNC,Warren County,-24.016667,132.25
OCW,Warren Field,35.55,-77.05
RRT,Warroad,-28.05,117.533333
HGR,Wash. County Regional,39.7,-77.716667
IAD,Washington Dulles International,38.944444,-77.455833
WWA,Wasilla,61.583333,-149.433333
OXC,Waterbury-oxford,41.478611,-73.135278
KWF,Waterfall SPB,55.3,-133.25
WFB,Waterfront SPB,55.366667,-131.65
ALO,Waterloo,42.55,-92.383333
ART,Watertown,43.983333,-76.016667
ATY,Watertown,44.916667,-97.15
WVI,Watsonville,36.916667,-121.75
UES,Waukesha,43.016667,-88.2
BJJ,Wayne County,40.8,-81.933333
BGS,Webb AFB,-18.516667,124.266667
EUF,Weedon Field,31.95,-85.133333
EDG,Weide AAF,49.783333,-1.133333
GXY,Weld County,40.333333,-104.616667
ENV,Wendover,40.733333,-114.033333
JRA,West 30th St Heliport,40.754444,-74.0075
ETB,West Bend,43.416667,-88.183333
VKW,West Kavik,69.666667,-146.916667
XPU,West Kuparuk,70.333333,-149.333333
WWR,West Woodward,36.433333,-99.516667
HPN,Westchester County Apt,41.066667,-73.7
WST,Westerly State,41.333333,-71.766667
LBE,Westmoreland County,40.283333,-79.4
CEF,Westover Metro Arpt,44.633333,-64.85
WSX,Westsound,48.666667,-122.883333
WWP,Whale Pass,56.116667,-133.125
WHT,Wharton,29.316667,-96.1
HHI,Wheeler AFB,13.966667,-4.433333
NUW,Whidbey Island NAS,48.351667,-122.655833
WMO,White Mountain,64.683333,-163.4
WTR,White River,33.816667,-109.983333
LEB,White River,43.633333,-72.316667
WHP,Whiteman,34.259167,-118.413333
SZL,Whiteman AFB,51.083333,5.683333
SQI,Whiteside County,41.733333,-89.683333
NSE,Whiting Field NAS,43.516667,-79.883333
SBY,Wicomico Regional,38.333333,-75.516667
EWD,Wildman Lake,-12.333333,131.933333
CBE,Wiley Ford,39.6,-78.766667
PWA,Wiley Post,35.534167,-97.666667
BRW,Wiley Post/W.Rogers M,71.333333,-156.65
QWG,Wilgrove Air Park,35.213889,-80.67
IKB,Wilkes County,36.166667,-81.15
AVP,Wilkes-Barre/Scranton International Airport,41.338333,-75.723333
WBW,Wilkes-Barre/Wyoming Valley,41.297222,-75.851111
OKC,Will Rogers World Airport,35.393056,-97.600833
WJF,William J Fox,34.7,-118.133333
HOU,William P Hobby,29.645556,-95.278889
CHD,Williams Gateway Airport,33.307778,-111.655556
PTN,Williams Memorial,29.75,-91.308333
ZWB,Williamsburg Rail,52.166667,-2.016667
MWA,Williamson County,37.752778,-89.016667
ILL,Willmar,45.116667,-95.1
WOW,Willow,61.75,-150.05
NXX,Willow Grove NAS,-38.083333,146.2
YIP,Willow Run,42.25,-83.383333
ILM,Wilmington International,34.270556,-77.9025
ZWI,Wilmington Rail,-32.65,138.1
WDR,Winder,33.983333,-83.666667
MWM,Windom Municipal,43.913333,-95.109444
BBX,Wings Field,40.15,-75.266667
INK,Wink,31.783333,-103.2
TDO,Winlock,6.533333,-75.783333
WMC,Winnemucca,40.966667,-117.733333
INW,Winslow-Lindbergh,35.021944,-110.7225
LMS,Winston County,33.15,-89.066667
SNK,Winston Field,32.7,-100.95
ISS,Wiscasset,43.969444,-69.716667
LNP,Wise,36.983333,-82.566667
WSM,Wiseman,67.416667,-150.116667
SUA,Witham Field,27.183333,-80.216667
OSH,Wittman Field,43.983333,-88.55
BTL,WK Kellogg Regional,42.3,-85.25
PKB,Wood County,39.35,-81.433333
WOD,Wood River,59.066667,-157.433333
WOO,Woodchopper,65.3,-143.483333
CDN,Woodward Fld,34.266667,-80.6
ORH,Worcester Regional Airport,42.267222,-71.875833
WRL,Worland,43.965833,-107.884167
WTC,World Trade Center,40.666667,-74.016667
OTG,Worthington,43.65,-95.583333
WRG,Wrangell SPB,56.466667,-132.383333
DWF,Wright AFB,46.233333,-83.333333
OSC,Wurtsmith AFB,44.433333,-83.333333
YKM,Yakima Air Terminal,46.566667,-120.533333
YAK,Yakutat,59.5,-139.666667
HDN,Yampa Valley,40.519444,-106.869444
CRW,Yeager,38.366667,-81.6
ELY,Yelland,39.3,-114.85
WYS,Yellowstone,44.683333,-111.116667
COD,Yellowstone Regional,44.516667,-109.033333
EYR,Yerington,38.983333,-119.166667
THV,York Airport,48.75,-64.583333
OYS,Yosemite Ntl Park,37.85,-119.55
YNG,Youngstown,41.266667,-80.666667
RKC,Yreka,41.733333,-122.633333
MYV,Yuba County,39.1,-121.566667
KZB,Zachar Bay SPB,57.55,-153.75
AYZ,Zahns,40.666667,-73.416667
ZZV,Zanesville,39.95,-81.883333
ZPH,Zephyrhills,28.233333,-82.166667
WAX,Zwara,48.9,-95.3
